{
    "keep": {
        "days": true,
        "amount": 14
    },
    "auditLog": "logs\\.a0d87dca77fcfe26534a319b2a8db1b7d0c8f52f-audit.json",
    "files": [
        {
            "date": 1709874073793,
            "name": "logs\\application-2024-03-08.log",
            "hash": "edff09f7c8f3397e877742a10269d0089f2cb18f35735389579f3b4429765b57"
        },
        {
            "date": 1710134120904,
            "name": "logs\\application-2024-03-11.log",
            "hash": "65d73186cdbe2bf78a9006ab301a4e4c2a4410f08dc18f8db510d67a20d08839"
        },
        {
            "date": 1710227407818,
            "name": "logs\\application-2024-03-12.log",
            "hash": "6fe5b8c21e66fdd4a352ddd6f9f2a9ba6cacaeeed0b5f7b2af3578995104540e"
        },
        {
            "date": 1710311865378,
            "name": "logs\\application-2024-03-13.log",
            "hash": "d0fee74575232af8f1d74647f71ffb3f7131c47363f5b56c2675e8e85bf8bdf0"
        },
        {
            "date": 1710739197621,
            "name": "logs\\application-2024-03-18.log",
            "hash": "a676b1b6fa96afa0c6e626d2d1e1703610c734e830302e02c096acb77c05332c"
        },
        {
            "date": 1710822936860,
            "name": "logs\\application-2024-03-19.log",
            "hash": "2c3075c2393e0220835be1e4ac6cd6883b8e0c8771cb4639803aa44f86d75571"
        },
        {
            "date": 1710908972806,
            "name": "logs\\application-2024-03-20.log",
            "hash": "75259b55416128f23f8603aa37e1c081359bffbe932e4d3201629f3d60c4381e"
        },
        {
            "date": 1710997761994,
            "name": "logs\\application-2024-03-21.log",
            "hash": "ad2a2ed7711c9a02de82b4121cb6d5b1ceda7a8abbeff43ad05d3c00b76d6f1a"
        },
        {
            "date": 1711081461815,
            "name": "logs\\application-2024-03-22.log",
            "hash": "4313ae4ff785e4b8a07c9486c6f2a1e4d4e5206aadf6b7d2cf7685ce6458a4c9"
        }
    ],
    "hashType": "sha256"
}