{
    "keep": {
        "days": false,
        "amount": 3
    },
    "auditLog": "logs\\.bb823176b8eed872bb56272b85d9eeef24817d44-audit.json",
    "files": [
        {
            "date": 1710908971309,
            "name": "logs\\2024-03-20-app-log.log",
            "hash": "3be619409fa230c02fc96229e606454e65dd3fb9b82d30f45d639021fabf8874"
        },
        {
            "date": 1710997760641,
            "name": "logs\\2024-03-21-app-log.log",
            "hash": "5683398935a04d545f0776bd1291310fa23e1dc27dee3db93518e71bbe137ffa"
        },
        {
            "date": 1711081460554,
            "name": "logs\\2024-03-22-app-log.log",
            "hash": "06be44e3dcdf5e1588006f87aaf4b67fe79e1a139c24cb9906e42d61d04ba5ad"
        }
    ],
    "hashType": "sha256"
}