{
    "keep": {
        "days": true,
        "amount": 14
    },
    "auditLog": "logs\\.a0d87dca77fcfe26534a319b2a8db1b7d0c8f52f-audit.json",
    "files": [
        {
            "date": 1709182325367,
            "name": "logs\\application-2024-02-29.log",
            "hash": "b69f97b57695d3b65dea19157cd4676670a76e854793ddc172774664d38c26d6"
        },
        {
            "date": 1709271512312,
            "name": "logs\\application-2024-03-01.log",
            "hash": "ce2226a5d6c1b94f53def5f95c6d45890031a7621d8f3ac169a5db657d17274d"
        },
        {
            "date": 1709529372958,
            "name": "logs\\application-2024-03-04.log",
            "hash": "1379572073467f3afaea056dbf787756c0adf15681d41c7b7f44d8ffda31b6bc"
        },
        {
            "date": 1709615459357,
            "name": "logs\\application-2024-03-05.log",
            "hash": "8a0233595c6d87c6bbc7bf87788ee610b1bc5decdb75144ddc50a4b654a8b255"
        },
        {
            "date": 1709788056031,
            "name": "logs\\application-2024-03-07.log",
            "hash": "57b8af9e18e6b9036dae4d5a7713db53c819db9baefb8c2a6e58a1427a062a0e"
        },
        {
            "date": 1709874073793,
            "name": "logs\\application-2024-03-08.log",
            "hash": "edff09f7c8f3397e877742a10269d0089f2cb18f35735389579f3b4429765b57"
        },
        {
            "date": 1710134120904,
            "name": "logs\\application-2024-03-11.log",
            "hash": "65d73186cdbe2bf78a9006ab301a4e4c2a4410f08dc18f8db510d67a20d08839"
        },
        {
            "date": 1710227407818,
            "name": "logs\\application-2024-03-12.log",
            "hash": "6fe5b8c21e66fdd4a352ddd6f9f2a9ba6cacaeeed0b5f7b2af3578995104540e"
        },
        {
            "date": 1710311865378,
            "name": "logs\\application-2024-03-13.log",
            "hash": "d0fee74575232af8f1d74647f71ffb3f7131c47363f5b56c2675e8e85bf8bdf0"
        }
    ],
    "hashType": "sha256"
}