{
    "keep": {
        "days": false,
        "amount": 3
    },
    "auditLog": "logs\\.bb823176b8eed872bb56272b85d9eeef24817d44-audit.json",
    "files": [
        {
            "date": 1710134119499,
            "name": "logs\\2024-03-11-app-log.log",
            "hash": "fb78ff9977719f5779c644b1aba905b44119822ed2bda1f83b4c102254704113"
        },
        {
            "date": 1710227406200,
            "name": "logs\\2024-03-12-app-log.log",
            "hash": "9e71e0c3adb13f0363a16832bb282d368ed671824cab50c19153eccc7ab96792"
        },
        {
            "date": 1710311863932,
            "name": "logs\\2024-03-13-app-log.log",
            "hash": "e298cb2cccbde91128bd85cbbdea436eed8ec50bcb1ddac396ee5749cfcff283"
        }
    ],
    "hashType": "sha256"
}