{
    "keep": {
        "days": true,
        "amount": 14
    },
    "auditLog": "logs\\.a0d87dca77fcfe26534a319b2a8db1b7d0c8f52f-audit.json",
    "files": [
        {
            "date": 1713502729237,
            "name": "logs\\application-2024-04-19.log",
            "hash": "65b4f3726037e2d14d77d969907f5b86ab66f935b38ca56282cc33da3d749ac4"
        },
        {
            "date": 1713762944053,
            "name": "logs\\application-2024-04-22.log",
            "hash": "2370447008b75f61a0a931870208b022b3c6da0668bdd3f55e638fb9f25c3745"
        },
        {
            "date": 1714020192262,
            "name": "logs\\application-2024-04-25.log",
            "hash": "17469ec279017198a1a475c885fc0e03240b00672365ce96669ef7d492c4f4b9"
        },
        {
            "date": 1714114831928,
            "name": "logs\\application-2024-04-26.log",
            "hash": "84350d0973abb5cddfde1613ce110fe2677e804904c114716a85beafcf8c96e7"
        },
        {
            "date": 1714366168033,
            "name": "logs\\application-2024-04-29.log",
            "hash": "35d76e1960d24b2ee27402e20ba94f80a8b12db9a577a2eb98f186dd44192005"
        },
        {
            "date": 1714452958190,
            "name": "logs\\application-2024-04-30.log",
            "hash": "c38290f8674e81007b1a6fbd2171ce97848a3df4bbca418b1163faabb0a28ce4"
        },
        {
            "date": 1714538793223,
            "name": "logs\\application-2024-05-01.log",
            "hash": "cc5c7c32e6e5ea089810c96f9286e603d4065c92ed0ca29708c418fc3b8c8335"
        },
        {
            "date": 1714711340423,
            "name": "logs\\application-2024-05-03.log",
            "hash": "1dc2f2ca5da0bf16793d614a8ac2298423d0746914926ca8129a2b1e630d8494"
        }
    ],
    "hashType": "sha256"
}