{
    "keep": {
        "days": false,
        "amount": 3
    },
    "auditLog": "logs\\.bb823176b8eed872bb56272b85d9eeef24817d44-audit.json",
    "files": [
        {
            "date": 1714452956752,
            "name": "logs\\2024-04-30-app-log.log",
            "hash": "3082df6dfbb9646c6696ce1990b791ffcd42664a5bc576d8707159fdd56032f0"
        },
        {
            "date": 1714538791965,
            "name": "logs\\2024-05-01-app-log.log",
            "hash": "efeded258081eed659e446671c5aa6ac97a594bf294af9d3a06f4ef320b9306c"
        },
        {
            "date": 1714711339037,
            "name": "logs\\2024-05-03-app-log.log",
            "hash": "1928b0e000e724af074e397811eda0dd75a12db22f5d0464923e9e63ed341ba2"
        }
    ],
    "hashType": "sha256"
}