-- phpMyAdmin SQL Dump
-- version 4.5.4.1
-- http://www.phpmyadmin.net
--
-- Host: localhost
-- Generation Time: Mar 01, 2024 at 01:12 PM
-- Server version: 5.7.27-0ubuntu0.16.04.1
-- PHP Version: 5.6.40-5+ubuntu16.04.1+deb.sury.org+1

SET SQL_MODE = "NO_AUTO_VALUE_ON_ZERO";
SET time_zone = "+00:00";


/*!40101 SET @OLD_CHARACTER_SET_CLIENT=@@CHARACTER_SET_CLIENT */;
/*!40101 SET @OLD_CHARACTER_SET_RESULTS=@@CHARACTER_SET_RESULTS */;
/*!40101 SET @OLD_COLLATION_CONNECTION=@@COLLATION_CONNECTION */;
/*!40101 SET NAMES utf8mb4 */;

--
-- Database: `lms`
--

-- --------------------------------------------------------

--
-- Table structure for table `tokens`
--

CREATE TABLE `tokens` (
  `id` int(11) NOT NULL,
  `token` varchar(255) DEFAULT NULL,
  `user_uuid` char(36) CHARACTER SET latin1 COLLATE latin1_bin DEFAULT NULL,
  `type` varchar(255) DEFAULT NULL,
  `expires` datetime DEFAULT NULL,
  `blacklisted` tinyint(1) DEFAULT NULL,
  `created_at` datetime NOT NULL,
  `updated_at` datetime NOT NULL
) ENGINE=InnoDB DEFAULT CHARSET=latin1;

--
-- Dumping data for table `tokens`
--

INSERT INTO `tokens` (`id`, `token`, `user_uuid`, `type`, `expires`, `blacklisted`, `created_at`, `updated_at`) VALUES
(30, 'eyJhbGciOiJIUzI1NiIsInR5cCI6IkpXVCJ9.eyJzdWIiOiJlZjBlZDc2NC0yYTk1LTQzZDgtOWJjOC0zNjY4YjlkMGFiNmYiLCJpYXQiOjE3MDcyMTYxMzYsImV4cCI6MTcwOTgwODEzNiwidHlwZSI6InJlZnJlc2gifQ.cas3pJEp_lMkfeB1GCBDNBZBBfaCGEc9PObOz25kF9s', 'ef0ed764-2a95-43d8-9bc8-3668b9d0ab6f', 'refresh', '2024-03-07 10:42:16', 0, '2024-02-06 10:42:16', '2024-02-06 10:42:16'),
(32, 'eyJhbGciOiJIUzI1NiIsInR5cCI6IkpXVCJ9.eyJzdWIiOiJlZjBlZDc2NC0yYTk1LTQzZDgtOWJjOC0zNjY4YjlkMGFiNmYiLCJpYXQiOjE3MDcyMjE2MTAsImV4cCI6MTcwOTgxMzYxMCwidHlwZSI6InJlZnJlc2gifQ.GAL0mdpK6AHxbVGrNwlq63OtCl32RV4UBZkf-57S2ck', 'ef0ed764-2a95-43d8-9bc8-3668b9d0ab6f', 'refresh', '2024-03-07 12:13:30', 0, '2024-02-06 12:13:30', '2024-02-06 12:13:30'),
(34, 'eyJhbGciOiJIUzI1NiIsInR5cCI6IkpXVCJ9.eyJzdWIiOiJlZjBlZDc2NC0yYTk1LTQzZDgtOWJjOC0zNjY4YjlkMGFiNmYiLCJpYXQiOjE3MDcyMjE2MjgsImV4cCI6MTcwOTgxMzYyOCwidHlwZSI6InJlZnJlc2gifQ.HGbca1jGN9XqEl6UhtTjKhjpiz78f4u4xOfoa1p2ODU', 'ef0ed764-2a95-43d8-9bc8-3668b9d0ab6f', 'refresh', '2024-03-07 12:13:48', 0, '2024-02-06 12:13:48', '2024-02-06 12:13:48'),
(36, 'eyJhbGciOiJIUzI1NiIsInR5cCI6IkpXVCJ9.eyJzdWIiOiJlZjBlZDc2NC0yYTk1LTQzZDgtOWJjOC0zNjY4YjlkMGFiNmYiLCJpYXQiOjE3MDcyMjIxMTYsImV4cCI6MTcwOTgxNDExNiwidHlwZSI6InJlZnJlc2gifQ.tu03kEz0m_ChbxYXOBjU5PW_H7KxsIIyxqSe0VCAVv0', 'ef0ed764-2a95-43d8-9bc8-3668b9d0ab6f', 'refresh', '2024-03-07 12:21:56', 0, '2024-02-06 12:21:56', '2024-02-06 12:21:56'),
(38, 'eyJhbGciOiJIUzI1NiIsInR5cCI6IkpXVCJ9.eyJzdWIiOiJlZjBlZDc2NC0yYTk1LTQzZDgtOWJjOC0zNjY4YjlkMGFiNmYiLCJpYXQiOjE3MDcyMjIzODAsImV4cCI6MTcwOTgxNDM4MCwidHlwZSI6InJlZnJlc2gifQ.sHNdQo4uvA2YKo0z7ViISuYWLIEeestohWKPiSWomDU', 'ef0ed764-2a95-43d8-9bc8-3668b9d0ab6f', 'refresh', '2024-03-07 12:26:20', 0, '2024-02-06 12:26:20', '2024-02-06 12:26:20'),
(40, 'eyJhbGciOiJIUzI1NiIsInR5cCI6IkpXVCJ9.eyJzdWIiOiJlZjBlZDc2NC0yYTk1LTQzZDgtOWJjOC0zNjY4YjlkMGFiNmYiLCJpYXQiOjE3MDcyMjIzODIsImV4cCI6MTcwOTgxNDM4MiwidHlwZSI6InJlZnJlc2gifQ.k-RWmNxDfvjuG2P2STjKrvCujRRYWxKBaO383b9fdKw', 'ef0ed764-2a95-43d8-9bc8-3668b9d0ab6f', 'refresh', '2024-03-07 12:26:22', 0, '2024-02-06 12:26:22', '2024-02-06 12:26:22'),
(42, 'eyJhbGciOiJIUzI1NiIsInR5cCI6IkpXVCJ9.eyJzdWIiOiJlZjBlZDc2NC0yYTk1LTQzZDgtOWJjOC0zNjY4YjlkMGFiNmYiLCJpYXQiOjE3MDcyMjIzODQsImV4cCI6MTcwOTgxNDM4NCwidHlwZSI6InJlZnJlc2gifQ.gc_UKiZucfO0k6v71cKWN-MgJeUgritEE53IOcsydE0', 'ef0ed764-2a95-43d8-9bc8-3668b9d0ab6f', 'refresh', '2024-03-07 12:26:24', 0, '2024-02-06 12:26:24', '2024-02-06 12:26:24'),
(44, 'eyJhbGciOiJIUzI1NiIsInR5cCI6IkpXVCJ9.eyJzdWIiOiJlZjBlZDc2NC0yYTk1LTQzZDgtOWJjOC0zNjY4YjlkMGFiNmYiLCJpYXQiOjE3MDcyMjI0NDMsImV4cCI6MTcwOTgxNDQ0MywidHlwZSI6InJlZnJlc2gifQ.FF8Ss2MOR_oBjBV2P1LQuh39CKtvNpRjQ3lvtish1yk', 'ef0ed764-2a95-43d8-9bc8-3668b9d0ab6f', 'refresh', '2024-03-07 12:27:23', 0, '2024-02-06 12:27:23', '2024-02-06 12:27:23'),
(46, 'eyJhbGciOiJIUzI1NiIsInR5cCI6IkpXVCJ9.eyJzdWIiOiJlZjBlZDc2NC0yYTk1LTQzZDgtOWJjOC0zNjY4YjlkMGFiNmYiLCJpYXQiOjE3MDcyMjI1MjEsImV4cCI6MTcwOTgxNDUyMSwidHlwZSI6InJlZnJlc2gifQ.U8-SHVZ_qotLSFM7TXSfCA9qwKm1dQb95Q0GZciE2O8', 'ef0ed764-2a95-43d8-9bc8-3668b9d0ab6f', 'refresh', '2024-03-07 12:28:41', 0, '2024-02-06 12:28:41', '2024-02-06 12:28:41'),
(48, 'eyJhbGciOiJIUzI1NiIsInR5cCI6IkpXVCJ9.eyJzdWIiOiJlZjBlZDc2NC0yYTk1LTQzZDgtOWJjOC0zNjY4YjlkMGFiNmYiLCJpYXQiOjE3MDcyMjI1NDIsImV4cCI6MTcwOTgxNDU0MiwidHlwZSI6InJlZnJlc2gifQ.T_lbVXHs3vY9Tr_tsZ9cgcs7rRfXO5UNOu8JE4qme2o', 'ef0ed764-2a95-43d8-9bc8-3668b9d0ab6f', 'refresh', '2024-03-07 12:29:02', 0, '2024-02-06 12:29:02', '2024-02-06 12:29:02'),
(50, 'eyJhbGciOiJIUzI1NiIsInR5cCI6IkpXVCJ9.eyJzdWIiOiJlZjBlZDc2NC0yYTk1LTQzZDgtOWJjOC0zNjY4YjlkMGFiNmYiLCJpYXQiOjE3MDcyMjI1NDYsImV4cCI6MTcwOTgxNDU0NiwidHlwZSI6InJlZnJlc2gifQ.8I4T-MMKPr7nCvKGU_qIAhsEFn1vqH-oGizkrw-5bZU', 'ef0ed764-2a95-43d8-9bc8-3668b9d0ab6f', 'refresh', '2024-03-07 12:29:06', 0, '2024-02-06 12:29:06', '2024-02-06 12:29:06'),
(52, 'eyJhbGciOiJIUzI1NiIsInR5cCI6IkpXVCJ9.eyJzdWIiOiJlZjBlZDc2NC0yYTk1LTQzZDgtOWJjOC0zNjY4YjlkMGFiNmYiLCJpYXQiOjE3MDcyMjI2MzQsImV4cCI6MTcwOTgxNDYzNCwidHlwZSI6InJlZnJlc2gifQ.Tw5xZX39RV5SXUQf2WtZbHf-A8NctmIb4HfNmLpOd04', 'ef0ed764-2a95-43d8-9bc8-3668b9d0ab6f', 'refresh', '2024-03-07 12:30:34', 0, '2024-02-06 12:30:34', '2024-02-06 12:30:34'),
(54, 'eyJhbGciOiJIUzI1NiIsInR5cCI6IkpXVCJ9.eyJzdWIiOiJlZjBlZDc2NC0yYTk1LTQzZDgtOWJjOC0zNjY4YjlkMGFiNmYiLCJpYXQiOjE3MDcyMjI2NTQsImV4cCI6MTcwOTgxNDY1NCwidHlwZSI6InJlZnJlc2gifQ.rPpZYfT--KmwjxnCWKr536xwVbMRn9WYbPrTZrouE98', 'ef0ed764-2a95-43d8-9bc8-3668b9d0ab6f', 'refresh', '2024-03-07 12:30:54', 0, '2024-02-06 12:30:54', '2024-02-06 12:30:54'),
(56, 'eyJhbGciOiJIUzI1NiIsInR5cCI6IkpXVCJ9.eyJzdWIiOiJlZjBlZDc2NC0yYTk1LTQzZDgtOWJjOC0zNjY4YjlkMGFiNmYiLCJpYXQiOjE3MDcyMjMxMzgsImV4cCI6MTcwOTgxNTEzOCwidHlwZSI6InJlZnJlc2gifQ.NYF4oR8CnVaUiPPwIrjTP4y_gbHLa-pDgS21EhJ4nPs', 'ef0ed764-2a95-43d8-9bc8-3668b9d0ab6f', 'refresh', '2024-03-07 12:38:58', 0, '2024-02-06 12:38:58', '2024-02-06 12:38:58'),
(58, 'eyJhbGciOiJIUzI1NiIsInR5cCI6IkpXVCJ9.eyJzdWIiOiJlZjBlZDc2NC0yYTk1LTQzZDgtOWJjOC0zNjY4YjlkMGFiNmYiLCJpYXQiOjE3MDcyMjMyMTIsImV4cCI6MTcwOTgxNTIxMiwidHlwZSI6InJlZnJlc2gifQ.B9g7CIlYl2IIrApCVoqJC8wVaBr5wz-zfAQAawjzGEM', 'ef0ed764-2a95-43d8-9bc8-3668b9d0ab6f', 'refresh', '2024-03-07 12:40:12', 0, '2024-02-06 12:40:12', '2024-02-06 12:40:12'),
(60, 'eyJhbGciOiJIUzI1NiIsInR5cCI6IkpXVCJ9.eyJzdWIiOiJlZjBlZDc2NC0yYTk1LTQzZDgtOWJjOC0zNjY4YjlkMGFiNmYiLCJpYXQiOjE3MDcyMjMyMzcsImV4cCI6MTcwOTgxNTIzNywidHlwZSI6InJlZnJlc2gifQ.jjWT-nCe6iLJZhiJI_6uOQNd2ZQAd3uwy40QNxCo2Ss', 'ef0ed764-2a95-43d8-9bc8-3668b9d0ab6f', 'refresh', '2024-03-07 12:40:37', 0, '2024-02-06 12:40:37', '2024-02-06 12:40:37'),
(62, 'eyJhbGciOiJIUzI1NiIsInR5cCI6IkpXVCJ9.eyJzdWIiOiJlZjBlZDc2NC0yYTk1LTQzZDgtOWJjOC0zNjY4YjlkMGFiNmYiLCJpYXQiOjE3MDcyMjM0MjcsImV4cCI6MTcwOTgxNTQyNywidHlwZSI6InJlZnJlc2gifQ.3cT01FLW5BAMgocVO2bLmQh9FhGRnlAvfXnxVIc7jaY', 'ef0ed764-2a95-43d8-9bc8-3668b9d0ab6f', 'refresh', '2024-03-07 12:43:47', 0, '2024-02-06 12:43:47', '2024-02-06 12:43:47'),
(64, 'eyJhbGciOiJIUzI1NiIsInR5cCI6IkpXVCJ9.eyJzdWIiOiJlZjBlZDc2NC0yYTk1LTQzZDgtOWJjOC0zNjY4YjlkMGFiNmYiLCJpYXQiOjE3MDcyMjM0NTgsImV4cCI6MTcwOTgxNTQ1OCwidHlwZSI6InJlZnJlc2gifQ.i11zKhOc5_8yjG9UBd5Z1hBwqHeiQRgt4_PQ3-T5dfE', 'ef0ed764-2a95-43d8-9bc8-3668b9d0ab6f', 'refresh', '2024-03-07 12:44:18', 0, '2024-02-06 12:44:18', '2024-02-06 12:44:18'),
(66, 'eyJhbGciOiJIUzI1NiIsInR5cCI6IkpXVCJ9.eyJzdWIiOiJlZjBlZDc2NC0yYTk1LTQzZDgtOWJjOC0zNjY4YjlkMGFiNmYiLCJpYXQiOjE3MDcyMjM0NzAsImV4cCI6MTcwOTgxNTQ3MCwidHlwZSI6InJlZnJlc2gifQ.qR26YhNWREliFVCI6QyZ5G3o0GnLlda43OWvqQOjYZU', 'ef0ed764-2a95-43d8-9bc8-3668b9d0ab6f', 'refresh', '2024-03-07 12:44:30', 0, '2024-02-06 12:44:30', '2024-02-06 12:44:30'),
(68, 'eyJhbGciOiJIUzI1NiIsInR5cCI6IkpXVCJ9.eyJzdWIiOiJlZjBlZDc2NC0yYTk1LTQzZDgtOWJjOC0zNjY4YjlkMGFiNmYiLCJpYXQiOjE3MDcyMjM1MTYsImV4cCI6MTcwOTgxNTUxNiwidHlwZSI6InJlZnJlc2gifQ.Z63C7T-SOrttxiHK_AX4md60j8P_KPeJj882lYT9-Sw', 'ef0ed764-2a95-43d8-9bc8-3668b9d0ab6f', 'refresh', '2024-03-07 12:45:16', 0, '2024-02-06 12:45:16', '2024-02-06 12:45:16'),
(70, 'eyJhbGciOiJIUzI1NiIsInR5cCI6IkpXVCJ9.eyJzdWIiOiJlZjBlZDc2NC0yYTk1LTQzZDgtOWJjOC0zNjY4YjlkMGFiNmYiLCJpYXQiOjE3MDcyMjM1MTYsImV4cCI6MTcwOTgxNTUxNiwidHlwZSI6InJlZnJlc2gifQ.Z63C7T-SOrttxiHK_AX4md60j8P_KPeJj882lYT9-Sw', 'ef0ed764-2a95-43d8-9bc8-3668b9d0ab6f', 'refresh', '2024-03-07 12:45:16', 0, '2024-02-06 12:45:16', '2024-02-06 12:45:16'),
(72, 'eyJhbGciOiJIUzI1NiIsInR5cCI6IkpXVCJ9.eyJzdWIiOiJlZjBlZDc2NC0yYTk1LTQzZDgtOWJjOC0zNjY4YjlkMGFiNmYiLCJpYXQiOjE3MDcyMjM4NDQsImV4cCI6MTcwOTgxNTg0NCwidHlwZSI6InJlZnJlc2gifQ.XE5L7QHGm69EJoS8LExYJNDzV5S4tDqpQJnXl4H6k48', 'ef0ed764-2a95-43d8-9bc8-3668b9d0ab6f', 'refresh', '2024-03-07 12:50:44', 0, '2024-02-06 12:50:44', '2024-02-06 12:50:44'),
(74, 'eyJhbGciOiJIUzI1NiIsInR5cCI6IkpXVCJ9.eyJzdWIiOiJlZjBlZDc2NC0yYTk1LTQzZDgtOWJjOC0zNjY4YjlkMGFiNmYiLCJpYXQiOjE3MDcyMjM4NDUsImV4cCI6MTcwOTgxNTg0NSwidHlwZSI6InJlZnJlc2gifQ.4PBOxO4AUwrgkT0X67H9UkUF-gPJkjaxNwc0gJmD_jE', 'ef0ed764-2a95-43d8-9bc8-3668b9d0ab6f', 'refresh', '2024-03-07 12:50:45', 0, '2024-02-06 12:50:45', '2024-02-06 12:50:45'),
(76, 'eyJhbGciOiJIUzI1NiIsInR5cCI6IkpXVCJ9.eyJzdWIiOiJlZjBlZDc2NC0yYTk1LTQzZDgtOWJjOC0zNjY4YjlkMGFiNmYiLCJpYXQiOjE3MDcyMjM4NDUsImV4cCI6MTcwOTgxNTg0NSwidHlwZSI6InJlZnJlc2gifQ.4PBOxO4AUwrgkT0X67H9UkUF-gPJkjaxNwc0gJmD_jE', 'ef0ed764-2a95-43d8-9bc8-3668b9d0ab6f', 'refresh', '2024-03-07 12:50:45', 0, '2024-02-06 12:50:45', '2024-02-06 12:50:45'),
(78, 'eyJhbGciOiJIUzI1NiIsInR5cCI6IkpXVCJ9.eyJzdWIiOiJlZjBlZDc2NC0yYTk1LTQzZDgtOWJjOC0zNjY4YjlkMGFiNmYiLCJpYXQiOjE3MDcyMjM4NzksImV4cCI6MTcwOTgxNTg3OSwidHlwZSI6InJlZnJlc2gifQ._T8VJABHex_iIPuqbBFn8ZGyPg50ZE0Z9GVU0RKPoic', 'ef0ed764-2a95-43d8-9bc8-3668b9d0ab6f', 'refresh', '2024-03-07 12:51:19', 0, '2024-02-06 12:51:19', '2024-02-06 12:51:19'),
(80, 'eyJhbGciOiJIUzI1NiIsInR5cCI6IkpXVCJ9.eyJzdWIiOiJlZjBlZDc2NC0yYTk1LTQzZDgtOWJjOC0zNjY4YjlkMGFiNmYiLCJpYXQiOjE3MDcyMjM5MjIsImV4cCI6MTcwOTgxNTkyMiwidHlwZSI6InJlZnJlc2gifQ.JgAiokwennDOdphRO5wDepbbee3CFqSk950kkEh1WK4', 'ef0ed764-2a95-43d8-9bc8-3668b9d0ab6f', 'refresh', '2024-03-07 12:52:02', 0, '2024-02-06 12:52:02', '2024-02-06 12:52:02'),
(82, 'eyJhbGciOiJIUzI1NiIsInR5cCI6IkpXVCJ9.eyJzdWIiOiJlZjBlZDc2NC0yYTk1LTQzZDgtOWJjOC0zNjY4YjlkMGFiNmYiLCJpYXQiOjE3MDcyMjM5MzMsImV4cCI6MTcwOTgxNTkzMywidHlwZSI6InJlZnJlc2gifQ.Nftdq5eaaoijQrhseyG-BHuGUWAZL1i616SfAS53SD4', 'ef0ed764-2a95-43d8-9bc8-3668b9d0ab6f', 'refresh', '2024-03-07 12:52:13', 0, '2024-02-06 12:52:13', '2024-02-06 12:52:13'),
(84, 'eyJhbGciOiJIUzI1NiIsInR5cCI6IkpXVCJ9.eyJzdWIiOiJlZjBlZDc2NC0yYTk1LTQzZDgtOWJjOC0zNjY4YjlkMGFiNmYiLCJpYXQiOjE3MDcyMjQwMDIsImV4cCI6MTcwOTgxNjAwMiwidHlwZSI6InJlZnJlc2gifQ.i6EqrzgcUJbxLT7X7X6-CEUSYEVUuwrlDTVcOxgU8cY', 'ef0ed764-2a95-43d8-9bc8-3668b9d0ab6f', 'refresh', '2024-03-07 12:53:22', 0, '2024-02-06 12:53:22', '2024-02-06 12:53:22'),
(86, 'eyJhbGciOiJIUzI1NiIsInR5cCI6IkpXVCJ9.eyJzdWIiOiJlZjBlZDc2NC0yYTk1LTQzZDgtOWJjOC0zNjY4YjlkMGFiNmYiLCJpYXQiOjE3MDcyMjQwMjEsImV4cCI6MTcwOTgxNjAyMSwidHlwZSI6InJlZnJlc2gifQ.IzXK1-HCq63FrItpzoNp2WUCS0UbLiqG0JhgvOQS7HY', 'ef0ed764-2a95-43d8-9bc8-3668b9d0ab6f', 'refresh', '2024-03-07 12:53:41', 0, '2024-02-06 12:53:41', '2024-02-06 12:53:41'),
(88, 'eyJhbGciOiJIUzI1NiIsInR5cCI6IkpXVCJ9.eyJzdWIiOiJlZjBlZDc2NC0yYTk1LTQzZDgtOWJjOC0zNjY4YjlkMGFiNmYiLCJpYXQiOjE3MDcyMjQyNDUsImV4cCI6MTcwOTgxNjI0NSwidHlwZSI6InJlZnJlc2gifQ.2_z2sQAid7FsreyFrrHw1JyS8GUs9nkwM4cBMuHddeM', 'ef0ed764-2a95-43d8-9bc8-3668b9d0ab6f', 'refresh', '2024-03-07 12:57:25', 0, '2024-02-06 12:57:25', '2024-02-06 12:57:25'),
(90, 'eyJhbGciOiJIUzI1NiIsInR5cCI6IkpXVCJ9.eyJzdWIiOiJlZjBlZDc2NC0yYTk1LTQzZDgtOWJjOC0zNjY4YjlkMGFiNmYiLCJpYXQiOjE3MDcyMjQzMzQsImV4cCI6MTcwOTgxNjMzNCwidHlwZSI6InJlZnJlc2gifQ.Ae18ato8ZYyyaDtUl-K35gW_z3ETEWVjM0KKzFur7wM', 'ef0ed764-2a95-43d8-9bc8-3668b9d0ab6f', 'refresh', '2024-03-07 12:58:54', 0, '2024-02-06 12:58:54', '2024-02-06 12:58:54'),
(92, 'eyJhbGciOiJIUzI1NiIsInR5cCI6IkpXVCJ9.eyJzdWIiOiJlZjBlZDc2NC0yYTk1LTQzZDgtOWJjOC0zNjY4YjlkMGFiNmYiLCJpYXQiOjE3MDcyMjQzMzQsImV4cCI6MTcwOTgxNjMzNCwidHlwZSI6InJlZnJlc2gifQ.Ae18ato8ZYyyaDtUl-K35gW_z3ETEWVjM0KKzFur7wM', 'ef0ed764-2a95-43d8-9bc8-3668b9d0ab6f', 'refresh', '2024-03-07 12:58:54', 0, '2024-02-06 12:58:54', '2024-02-06 12:58:54'),
(94, 'eyJhbGciOiJIUzI1NiIsInR5cCI6IkpXVCJ9.eyJzdWIiOiJlZjBlZDc2NC0yYTk1LTQzZDgtOWJjOC0zNjY4YjlkMGFiNmYiLCJpYXQiOjE3MDcyMjQzMzQsImV4cCI6MTcwOTgxNjMzNCwidHlwZSI6InJlZnJlc2gifQ.Ae18ato8ZYyyaDtUl-K35gW_z3ETEWVjM0KKzFur7wM', 'ef0ed764-2a95-43d8-9bc8-3668b9d0ab6f', 'refresh', '2024-03-07 12:58:54', 0, '2024-02-06 12:58:54', '2024-02-06 12:58:54'),
(96, 'eyJhbGciOiJIUzI1NiIsInR5cCI6IkpXVCJ9.eyJzdWIiOiJlZjBlZDc2NC0yYTk1LTQzZDgtOWJjOC0zNjY4YjlkMGFiNmYiLCJpYXQiOjE3MDcyMjQ5NDEsImV4cCI6MTcwOTgxNjk0MSwidHlwZSI6InJlZnJlc2gifQ.4xOh_t67fHbfhC-ECJTQd_XWyZFAhYnU5tZAKllKd9I', 'ef0ed764-2a95-43d8-9bc8-3668b9d0ab6f', 'refresh', '2024-03-07 13:09:01', 0, '2024-02-06 13:09:01', '2024-02-06 13:09:01'),
(98, 'eyJhbGciOiJIUzI1NiIsInR5cCI6IkpXVCJ9.eyJzdWIiOiJlZjBlZDc2NC0yYTk1LTQzZDgtOWJjOC0zNjY4YjlkMGFiNmYiLCJpYXQiOjE3MDcyMjQ5NjAsImV4cCI6MTcwOTgxNjk2MCwidHlwZSI6InJlZnJlc2gifQ.tV1osBThU0XJgvxpvDCo46Tx5_ow7mVAxsX4Dud50Z4', 'ef0ed764-2a95-43d8-9bc8-3668b9d0ab6f', 'refresh', '2024-03-07 13:09:20', 0, '2024-02-06 13:09:20', '2024-02-06 13:09:20'),
(100, 'eyJhbGciOiJIUzI1NiIsInR5cCI6IkpXVCJ9.eyJzdWIiOiJlZjBlZDc2NC0yYTk1LTQzZDgtOWJjOC0zNjY4YjlkMGFiNmYiLCJpYXQiOjE3MDcyMjQ5ODcsImV4cCI6MTcwOTgxNjk4NywidHlwZSI6InJlZnJlc2gifQ.e7ezeR2FJEw9QOXEzsVJ_g5sTDMAtTWIsMV2iZMOsMg', 'ef0ed764-2a95-43d8-9bc8-3668b9d0ab6f', 'refresh', '2024-03-07 13:09:47', 0, '2024-02-06 13:09:47', '2024-02-06 13:09:47'),
(102, 'eyJhbGciOiJIUzI1NiIsInR5cCI6IkpXVCJ9.eyJzdWIiOiJlZjBlZDc2NC0yYTk1LTQzZDgtOWJjOC0zNjY4YjlkMGFiNmYiLCJpYXQiOjE3MDcyODM3NjAsImV4cCI6MTcwOTg3NTc2MCwidHlwZSI6InJlZnJlc2gifQ.XECyErbuPy56BOlak_Au-K-U2n9fWt5-Nk3pzGY5fWg', 'ef0ed764-2a95-43d8-9bc8-3668b9d0ab6f', 'refresh', '2024-03-08 05:29:20', 0, '2024-02-07 05:29:20', '2024-02-07 05:29:20'),
(104, 'eyJhbGciOiJIUzI1NiIsInR5cCI6IkpXVCJ9.eyJzdWIiOiJlZjBlZDc2NC0yYTk1LTQzZDgtOWJjOC0zNjY4YjlkMGFiNmYiLCJpYXQiOjE3MDcyODQyOTQsImV4cCI6MTcwOTg3NjI5NCwidHlwZSI6InJlZnJlc2gifQ.sYCf3m3k_KVT_0_-R1xAXNGI5YQYoA4H1nXC3CkAyzY', 'ef0ed764-2a95-43d8-9bc8-3668b9d0ab6f', 'refresh', '2024-03-08 05:38:14', 0, '2024-02-07 05:38:14', '2024-02-07 05:38:14'),
(106, 'eyJhbGciOiJIUzI1NiIsInR5cCI6IkpXVCJ9.eyJzdWIiOiJlZjBlZDc2NC0yYTk1LTQzZDgtOWJjOC0zNjY4YjlkMGFiNmYiLCJpYXQiOjE3MDcyODQyOTQsImV4cCI6MTcwOTg3NjI5NCwidHlwZSI6InJlZnJlc2gifQ.sYCf3m3k_KVT_0_-R1xAXNGI5YQYoA4H1nXC3CkAyzY', 'ef0ed764-2a95-43d8-9bc8-3668b9d0ab6f', 'refresh', '2024-03-08 05:38:14', 0, '2024-02-07 05:38:14', '2024-02-07 05:38:14'),
(108, 'eyJhbGciOiJIUzI1NiIsInR5cCI6IkpXVCJ9.eyJzdWIiOiJlZjBlZDc2NC0yYTk1LTQzZDgtOWJjOC0zNjY4YjlkMGFiNmYiLCJpYXQiOjE3MDcyODQ0MjMsImV4cCI6MTcwOTg3NjQyMywidHlwZSI6InJlZnJlc2gifQ.8sbEl72pYg4IPX8DTBqKS0VNvaFphvCr-9vb5U8fj6Q', 'ef0ed764-2a95-43d8-9bc8-3668b9d0ab6f', 'refresh', '2024-03-08 05:40:23', 0, '2024-02-07 05:40:23', '2024-02-07 05:40:23'),
(110, 'eyJhbGciOiJIUzI1NiIsInR5cCI6IkpXVCJ9.eyJzdWIiOiJlZjBlZDc2NC0yYTk1LTQzZDgtOWJjOC0zNjY4YjlkMGFiNmYiLCJpYXQiOjE3MDcyODQ1MTgsImV4cCI6MTcwOTg3NjUxOCwidHlwZSI6InJlZnJlc2gifQ.brKGQP3Fyvq0uPUju9S-QCuXGeHHP46lGZdf6mFO6Iw', 'ef0ed764-2a95-43d8-9bc8-3668b9d0ab6f', 'refresh', '2024-03-08 05:41:58', 0, '2024-02-07 05:41:58', '2024-02-07 05:41:58'),
(112, 'eyJhbGciOiJIUzI1NiIsInR5cCI6IkpXVCJ9.eyJzdWIiOiJlZjBlZDc2NC0yYTk1LTQzZDgtOWJjOC0zNjY4YjlkMGFiNmYiLCJpYXQiOjE3MDcyODY1MzEsImV4cCI6MTcwOTg3ODUzMSwidHlwZSI6InJlZnJlc2gifQ.6Wxq3vHYSJJpbmGrtrRedXY8Dc5YA07B_EaF638zMPg', 'ef0ed764-2a95-43d8-9bc8-3668b9d0ab6f', 'refresh', '2024-03-08 06:15:31', 0, '2024-02-07 06:15:31', '2024-02-07 06:15:31'),
(114, 'eyJhbGciOiJIUzI1NiIsInR5cCI6IkpXVCJ9.eyJzdWIiOiJlZjBlZDc2NC0yYTk1LTQzZDgtOWJjOC0zNjY4YjlkMGFiNmYiLCJpYXQiOjE3MDcyODc4NjIsImV4cCI6MTcwOTg3OTg2MiwidHlwZSI6InJlZnJlc2gifQ.QJfQ3qa2ahpqnfYG6aSjvDoZRIbeVKJbYOSmH9TtXBI', 'ef0ed764-2a95-43d8-9bc8-3668b9d0ab6f', 'refresh', '2024-03-08 06:37:42', 0, '2024-02-07 06:37:42', '2024-02-07 06:37:42'),
(116, 'eyJhbGciOiJIUzI1NiIsInR5cCI6IkpXVCJ9.eyJzdWIiOiJlZjBlZDc2NC0yYTk1LTQzZDgtOWJjOC0zNjY4YjlkMGFiNmYiLCJpYXQiOjE3MDcyODc4OTYsImV4cCI6MTcwOTg3OTg5NiwidHlwZSI6InJlZnJlc2gifQ.qqCiwULEVzzadrYkBZaKruB5MymJgBKc5KGWH-0rpSc', 'ef0ed764-2a95-43d8-9bc8-3668b9d0ab6f', 'refresh', '2024-03-08 06:38:16', 0, '2024-02-07 06:38:16', '2024-02-07 06:38:16'),
(118, 'eyJhbGciOiJIUzI1NiIsInR5cCI6IkpXVCJ9.eyJzdWIiOiJlZjBlZDc2NC0yYTk1LTQzZDgtOWJjOC0zNjY4YjlkMGFiNmYiLCJpYXQiOjE3MDcyODc4OTYsImV4cCI6MTcwOTg3OTg5NiwidHlwZSI6InJlZnJlc2gifQ.qqCiwULEVzzadrYkBZaKruB5MymJgBKc5KGWH-0rpSc', 'ef0ed764-2a95-43d8-9bc8-3668b9d0ab6f', 'refresh', '2024-03-08 06:38:16', 0, '2024-02-07 06:38:16', '2024-02-07 06:38:16'),
(120, 'eyJhbGciOiJIUzI1NiIsInR5cCI6IkpXVCJ9.eyJzdWIiOiJlZjBlZDc2NC0yYTk1LTQzZDgtOWJjOC0zNjY4YjlkMGFiNmYiLCJpYXQiOjE3MDcyODg2OTEsImV4cCI6MTcwOTg4MDY5MSwidHlwZSI6InJlZnJlc2gifQ.JGR8RPqPgIF0V_DuCzy5vkn9woPZ5eWho6g6KCT8Z4Q', 'ef0ed764-2a95-43d8-9bc8-3668b9d0ab6f', 'refresh', '2024-03-08 06:51:31', 0, '2024-02-07 06:51:31', '2024-02-07 06:51:31'),
(122, 'eyJhbGciOiJIUzI1NiIsInR5cCI6IkpXVCJ9.eyJzdWIiOiJlZjBlZDc2NC0yYTk1LTQzZDgtOWJjOC0zNjY4YjlkMGFiNmYiLCJpYXQiOjE3MDcyODk3MzUsImV4cCI6MTcwOTg4MTczNSwidHlwZSI6InJlZnJlc2gifQ.sWVQQSoC4OvZeTpuHxeGn5TB8pfJ9him30nKtznNnJA', 'ef0ed764-2a95-43d8-9bc8-3668b9d0ab6f', 'refresh', '2024-03-08 07:08:55', 0, '2024-02-07 07:08:55', '2024-02-07 07:08:55'),
(124, 'eyJhbGciOiJIUzI1NiIsInR5cCI6IkpXVCJ9.eyJzdWIiOiJlZjBlZDc2NC0yYTk1LTQzZDgtOWJjOC0zNjY4YjlkMGFiNmYiLCJpYXQiOjE3MDcyOTE1NDQsImV4cCI6MTcwOTg4MzU0NCwidHlwZSI6InJlZnJlc2gifQ.OOQAGoe4QdyjGXwDsydtAYoLqSN6-lYRGYTm5HTagj4', 'ef0ed764-2a95-43d8-9bc8-3668b9d0ab6f', 'refresh', '2024-03-08 07:39:04', 0, '2024-02-07 07:39:04', '2024-02-07 07:39:04'),
(126, 'eyJhbGciOiJIUzI1NiIsInR5cCI6IkpXVCJ9.eyJzdWIiOiJlZjBlZDc2NC0yYTk1LTQzZDgtOWJjOC0zNjY4YjlkMGFiNmYiLCJpYXQiOjE3MDcyOTE1NTgsImV4cCI6MTcwOTg4MzU1OCwidHlwZSI6InJlZnJlc2gifQ.gCchPeQgIBH0Dvp9wQ0OBY9awCXw9oPVGpKL4ZU_kRA', 'ef0ed764-2a95-43d8-9bc8-3668b9d0ab6f', 'refresh', '2024-03-08 07:39:18', 0, '2024-02-07 07:39:18', '2024-02-07 07:39:18'),
(128, 'eyJhbGciOiJIUzI1NiIsInR5cCI6IkpXVCJ9.eyJzdWIiOiJlZjBlZDc2NC0yYTk1LTQzZDgtOWJjOC0zNjY4YjlkMGFiNmYiLCJpYXQiOjE3MDcyOTE1NjksImV4cCI6MTcwOTg4MzU2OSwidHlwZSI6InJlZnJlc2gifQ.Sc6T8hCrS09YCJFZZJIaw-kCMH_JgQGQT2QB4tB7R2U', 'ef0ed764-2a95-43d8-9bc8-3668b9d0ab6f', 'refresh', '2024-03-08 07:39:29', 0, '2024-02-07 07:39:29', '2024-02-07 07:39:29'),
(130, 'eyJhbGciOiJIUzI1NiIsInR5cCI6IkpXVCJ9.eyJzdWIiOiJlZjBlZDc2NC0yYTk1LTQzZDgtOWJjOC0zNjY4YjlkMGFiNmYiLCJpYXQiOjE3MDcyOTE2NTEsImV4cCI6MTcwOTg4MzY1MSwidHlwZSI6InJlZnJlc2gifQ.jpXLk5dU6JJ1g_SGuXiDpKxEj5abCGsyraFDCbjCbnQ', 'ef0ed764-2a95-43d8-9bc8-3668b9d0ab6f', 'refresh', '2024-03-08 07:40:51', 0, '2024-02-07 07:40:51', '2024-02-07 07:40:51'),
(132, 'eyJhbGciOiJIUzI1NiIsInR5cCI6IkpXVCJ9.eyJzdWIiOiJlZjBlZDc2NC0yYTk1LTQzZDgtOWJjOC0zNjY4YjlkMGFiNmYiLCJpYXQiOjE3MDcyOTE2NTYsImV4cCI6MTcwOTg4MzY1NiwidHlwZSI6InJlZnJlc2gifQ.TmQEmu42HSN54nsvcR_mDaABmuLOhhXrI4qBuS0ubG0', 'ef0ed764-2a95-43d8-9bc8-3668b9d0ab6f', 'refresh', '2024-03-08 07:40:56', 0, '2024-02-07 07:40:56', '2024-02-07 07:40:56'),
(134, 'eyJhbGciOiJIUzI1NiIsInR5cCI6IkpXVCJ9.eyJzdWIiOiJlZjBlZDc2NC0yYTk1LTQzZDgtOWJjOC0zNjY4YjlkMGFiNmYiLCJpYXQiOjE3MDcyOTE4MTAsImV4cCI6MTcwOTg4MzgxMCwidHlwZSI6InJlZnJlc2gifQ.XvZvCsKL9zm7jFsBPd7lzYlTKdbbfy1ACuo9t5T8fTI', 'ef0ed764-2a95-43d8-9bc8-3668b9d0ab6f', 'refresh', '2024-03-08 07:43:30', 0, '2024-02-07 07:43:30', '2024-02-07 07:43:30'),
(136, 'eyJhbGciOiJIUzI1NiIsInR5cCI6IkpXVCJ9.eyJzdWIiOiJlZjBlZDc2NC0yYTk1LTQzZDgtOWJjOC0zNjY4YjlkMGFiNmYiLCJpYXQiOjE3MDcyOTE4MjcsImV4cCI6MTcwOTg4MzgyNywidHlwZSI6InJlZnJlc2gifQ.E4sIhiKxHRc5eX4DnjLQmZ0KFvajt-UndoA0Smf2GQU', 'ef0ed764-2a95-43d8-9bc8-3668b9d0ab6f', 'refresh', '2024-03-08 07:43:47', 0, '2024-02-07 07:43:47', '2024-02-07 07:43:47'),
(138, 'eyJhbGciOiJIUzI1NiIsInR5cCI6IkpXVCJ9.eyJzdWIiOiJlZjBlZDc2NC0yYTk1LTQzZDgtOWJjOC0zNjY4YjlkMGFiNmYiLCJpYXQiOjE3MDcyOTg4ODksImV4cCI6MTcwOTg5MDg4OSwidHlwZSI6InJlZnJlc2gifQ.jpYV8KyfDpwlV-2ZOLPSpW_cWp4WFdni0Df9hrfn4fo', 'ef0ed764-2a95-43d8-9bc8-3668b9d0ab6f', 'refresh', '2024-03-08 09:41:29', 0, '2024-02-07 09:41:29', '2024-02-07 09:41:29'),
(140, 'eyJhbGciOiJIUzI1NiIsInR5cCI6IkpXVCJ9.eyJzdWIiOiJlZjBlZDc2NC0yYTk1LTQzZDgtOWJjOC0zNjY4YjlkMGFiNmYiLCJpYXQiOjE3MDcyOTkxNTYsImV4cCI6MTcwOTg5MTE1NiwidHlwZSI6InJlZnJlc2gifQ.tCJ3BzEsmFRhZ1wV3wnnPpkUwuRQVCmejHMM1aeg-54', 'ef0ed764-2a95-43d8-9bc8-3668b9d0ab6f', 'refresh', '2024-03-08 09:45:56', 0, '2024-02-07 09:45:56', '2024-02-07 09:45:56'),
(142, 'eyJhbGciOiJIUzI1NiIsInR5cCI6IkpXVCJ9.eyJzdWIiOiJlZjBlZDc2NC0yYTk1LTQzZDgtOWJjOC0zNjY4YjlkMGFiNmYiLCJpYXQiOjE3MDczMDAwNjQsImV4cCI6MTcwOTg5MjA2NCwidHlwZSI6InJlZnJlc2gifQ.6_WH2iPi2eZNAEqZxSwmB-YaAMJl6PMHNQhmMgda4pA', 'ef0ed764-2a95-43d8-9bc8-3668b9d0ab6f', 'refresh', '2024-03-08 10:01:04', 0, '2024-02-07 10:01:04', '2024-02-07 10:01:04'),
(144, 'eyJhbGciOiJIUzI1NiIsInR5cCI6IkpXVCJ9.eyJzdWIiOiJlZjBlZDc2NC0yYTk1LTQzZDgtOWJjOC0zNjY4YjlkMGFiNmYiLCJpYXQiOjE3MDczMDI3MzUsImV4cCI6MTcwOTg5NDczNSwidHlwZSI6InJlZnJlc2gifQ.7iARS4GVgyrSfrN5yuwGQ1xReBLQ4bvWQWyn5FzhYzY', 'ef0ed764-2a95-43d8-9bc8-3668b9d0ab6f', 'refresh', '2024-03-08 10:45:35', 0, '2024-02-07 10:45:35', '2024-02-07 10:45:35'),
(146, 'eyJhbGciOiJIUzI1NiIsInR5cCI6IkpXVCJ9.eyJzdWIiOiJlYTlhMDg4OC1kMjE1LTQ5YmYtYjBiNi1lZmUyYmVhM2M5NzIiLCJpYXQiOjE3MDczMDMxMTQsImV4cCI6MTcwOTg5NTExNCwidHlwZSI6InJlZnJlc2gifQ.6SR4KBtBfs90VhcAC3arFXf8Jn8Xw_NbuYiyqv6mGFI', 'ea9a0888-d215-49bf-b0b6-efe2bea3c972', 'refresh', '2024-03-08 10:51:54', 0, '2024-02-07 10:51:54', '2024-02-07 10:51:54'),
(148, 'eyJhbGciOiJIUzI1NiIsInR5cCI6IkpXVCJ9.eyJzdWIiOiJlYTlhMDg4OC1kMjE1LTQ5YmYtYjBiNi1lZmUyYmVhM2M5NzIiLCJpYXQiOjE3MDczMDMzMjUsImV4cCI6MTcwOTg5NTMyNSwidHlwZSI6InJlZnJlc2gifQ.0zg87jnj7_Yjk9fZPBfCuZOs0oe4zScW0OWMA6TyRck', 'ea9a0888-d215-49bf-b0b6-efe2bea3c972', 'refresh', '2024-03-08 10:55:25', 0, '2024-02-07 10:55:25', '2024-02-07 10:55:25'),
(150, 'eyJhbGciOiJIUzI1NiIsInR5cCI6IkpXVCJ9.eyJzdWIiOiI4YTkyODRjYi00ZTNlLTQwOTEtYjk3OC01NzBiMjg5ODI4NzYiLCJpYXQiOjE3MDczMDQyNzgsImV4cCI6MTcwOTg5NjI3OCwidHlwZSI6InJlZnJlc2gifQ.1tYbYfYGKBJrgXYsBVVAIhmy09kZmOzO0crnjwSaaGw', '8a9284cb-4e3e-4091-b978-570b28982876', 'refresh', '2024-03-08 11:11:18', 0, '2024-02-07 11:11:18', '2024-02-07 11:11:18'),
(152, 'eyJhbGciOiJIUzI1NiIsInR5cCI6IkpXVCJ9.eyJzdWIiOiJlZjBlZDc2NC0yYTk1LTQzZDgtOWJjOC0zNjY4YjlkMGFiNmYiLCJpYXQiOjE3MDczMDQ3MjMsImV4cCI6MTcwOTg5NjcyMywidHlwZSI6InJlZnJlc2gifQ.kKyuJK8R7lJDa6Elhl1GRUc7taAxD4qEAHLdD3kMQ6U', 'ef0ed764-2a95-43d8-9bc8-3668b9d0ab6f', 'refresh', '2024-03-08 11:18:43', 0, '2024-02-07 11:18:43', '2024-02-07 11:18:43'),
(154, 'eyJhbGciOiJIUzI1NiIsInR5cCI6IkpXVCJ9.eyJzdWIiOiJlZjBlZDc2NC0yYTk1LTQzZDgtOWJjOC0zNjY4YjlkMGFiNmYiLCJpYXQiOjE3MDczMDcxNjIsImV4cCI6MTcwOTg5OTE2MiwidHlwZSI6InJlZnJlc2gifQ.ed1iGJVoLgSjIXXrqCheWtzvNJHYbXbFST55hncgHa8', 'ef0ed764-2a95-43d8-9bc8-3668b9d0ab6f', 'refresh', '2024-03-08 11:59:22', 0, '2024-02-07 11:59:22', '2024-02-07 11:59:22'),
(156, 'eyJhbGciOiJIUzI1NiIsInR5cCI6IkpXVCJ9.eyJzdWIiOiJlZjBlZDc2NC0yYTk1LTQzZDgtOWJjOC0zNjY4YjlkMGFiNmYiLCJpYXQiOjE3MDczMDc4MjgsImV4cCI6MTcwOTg5OTgyOCwidHlwZSI6InJlZnJlc2gifQ.3sS0TetnsM7wptVXzUu_62c90mrSOh014rCQy-uzu20', 'ef0ed764-2a95-43d8-9bc8-3668b9d0ab6f', 'refresh', '2024-03-08 12:10:28', 0, '2024-02-07 12:10:28', '2024-02-07 12:10:28'),
(158, 'eyJhbGciOiJIUzI1NiIsInR5cCI6IkpXVCJ9.eyJzdWIiOiJlZjBlZDc2NC0yYTk1LTQzZDgtOWJjOC0zNjY4YjlkMGFiNmYiLCJpYXQiOjE3MDczMDgzMzEsImV4cCI6MTcwOTkwMDMzMSwidHlwZSI6InJlZnJlc2gifQ.3AjkDTS-ZcqLmohTJPa1Pmeh6rZokuR11iwJGQ0i2-g', 'ef0ed764-2a95-43d8-9bc8-3668b9d0ab6f', 'refresh', '2024-03-08 12:18:51', 0, '2024-02-07 12:18:51', '2024-02-07 12:18:51'),
(160, 'eyJhbGciOiJIUzI1NiIsInR5cCI6IkpXVCJ9.eyJzdWIiOiJlZjBlZDc2NC0yYTk1LTQzZDgtOWJjOC0zNjY4YjlkMGFiNmYiLCJpYXQiOjE3MDczMTA1NjAsImV4cCI6MTcwOTkwMjU2MCwidHlwZSI6InJlZnJlc2gifQ.ocaWw528dLcjF1xoCM3_bHChUF38kRjBJL7Ebn5KAXw', 'ef0ed764-2a95-43d8-9bc8-3668b9d0ab6f', 'refresh', '2024-03-08 12:56:00', 0, '2024-02-07 12:56:00', '2024-02-07 12:56:00'),
(162, 'eyJhbGciOiJIUzI1NiIsInR5cCI6IkpXVCJ9.eyJzdWIiOiJlZjBlZDc2NC0yYTk1LTQzZDgtOWJjOC0zNjY4YjlkMGFiNmYiLCJpYXQiOjE3MDczMTEyNTgsImV4cCI6MTcwOTkwMzI1OCwidHlwZSI6InJlZnJlc2gifQ.D0hd7R25kQZ_uoEEIrnc0pM_YlSKPhimy9zYWCkXkuE', 'ef0ed764-2a95-43d8-9bc8-3668b9d0ab6f', 'refresh', '2024-03-08 13:07:38', 0, '2024-02-07 13:07:38', '2024-02-07 13:07:38'),
(164, 'eyJhbGciOiJIUzI1NiIsInR5cCI6IkpXVCJ9.eyJzdWIiOiJlZjBlZDc2NC0yYTk1LTQzZDgtOWJjOC0zNjY4YjlkMGFiNmYiLCJpYXQiOjE3MDczMTE4NDAsImV4cCI6MTcwOTkwMzg0MCwidHlwZSI6InJlZnJlc2gifQ.X_2-bs9ja8jPsjVi-JZubqIxEfl8HBJTGXWDEOvPnuc', 'ef0ed764-2a95-43d8-9bc8-3668b9d0ab6f', 'refresh', '2024-03-08 13:17:20', 0, '2024-02-07 13:17:20', '2024-02-07 13:17:20'),
(166, 'eyJhbGciOiJIUzI1NiIsInR5cCI6IkpXVCJ9.eyJzdWIiOiJlZjBlZDc2NC0yYTk1LTQzZDgtOWJjOC0zNjY4YjlkMGFiNmYiLCJpYXQiOjE3MDczMTI1NTQsImV4cCI6MTcwOTkwNDU1NCwidHlwZSI6InJlZnJlc2gifQ.qcElGIqQRFT86UMAoircSn-JLhIq9BeYZ6IGw1Jccmk', 'ef0ed764-2a95-43d8-9bc8-3668b9d0ab6f', 'refresh', '2024-03-08 13:29:14', 0, '2024-02-07 13:29:14', '2024-02-07 13:29:14'),
(168, 'eyJhbGciOiJIUzI1NiIsInR5cCI6IkpXVCJ9.eyJzdWIiOiJlZjBlZDc2NC0yYTk1LTQzZDgtOWJjOC0zNjY4YjlkMGFiNmYiLCJpYXQiOjE3MDczNjk3ODQsImV4cCI6MTcwOTk2MTc4NCwidHlwZSI6InJlZnJlc2gifQ.9xIdDkDoh5jxHIbeIfZxSRhGrUtt-QdU23ErL5AjcRs', 'ef0ed764-2a95-43d8-9bc8-3668b9d0ab6f', 'refresh', '2024-03-09 05:23:04', 0, '2024-02-08 05:23:04', '2024-02-08 05:23:04'),
(170, 'eyJhbGciOiJIUzI1NiIsInR5cCI6IkpXVCJ9.eyJzdWIiOiJlZjBlZDc2NC0yYTk1LTQzZDgtOWJjOC0zNjY4YjlkMGFiNmYiLCJpYXQiOjE3MDczNjk3OTQsImV4cCI6MTcwOTk2MTc5NCwidHlwZSI6InJlZnJlc2gifQ.DtM-JhuiOKCRIMr1KOIVdkIr_JgX2kn3UX4sQ_RC0dk', 'ef0ed764-2a95-43d8-9bc8-3668b9d0ab6f', 'refresh', '2024-03-09 05:23:14', 0, '2024-02-08 05:23:14', '2024-02-08 05:23:14'),
(172, 'eyJhbGciOiJIUzI1NiIsInR5cCI6IkpXVCJ9.eyJzdWIiOiJlZjBlZDc2NC0yYTk1LTQzZDgtOWJjOC0zNjY4YjlkMGFiNmYiLCJpYXQiOjE3MDczNzAzNzEsImV4cCI6MTcwOTk2MjM3MSwidHlwZSI6InJlZnJlc2gifQ.04smbj08ie1RqKjbvISlYfsoCYekhdFSqLZXG0wgV2k', 'ef0ed764-2a95-43d8-9bc8-3668b9d0ab6f', 'refresh', '2024-03-09 05:32:51', 0, '2024-02-08 05:32:51', '2024-02-08 05:32:51'),
(174, 'eyJhbGciOiJIUzI1NiIsInR5cCI6IkpXVCJ9.eyJzdWIiOiJlZjBlZDc2NC0yYTk1LTQzZDgtOWJjOC0zNjY4YjlkMGFiNmYiLCJpYXQiOjE3MDczNzA5MDQsImV4cCI6MTcwOTk2MjkwNCwidHlwZSI6InJlZnJlc2gifQ.x4OWqKw4Xk0-M4YtKGuwPc6odQKqtMYJ9WftGnHHDD4', 'ef0ed764-2a95-43d8-9bc8-3668b9d0ab6f', 'refresh', '2024-03-09 05:41:44', 0, '2024-02-08 05:41:44', '2024-02-08 05:41:44'),
(176, 'eyJhbGciOiJIUzI1NiIsInR5cCI6IkpXVCJ9.eyJzdWIiOiJlZjBlZDc2NC0yYTk1LTQzZDgtOWJjOC0zNjY4YjlkMGFiNmYiLCJpYXQiOjE3MDczNzEyMjMsImV4cCI6MTcwOTk2MzIyMywidHlwZSI6InJlZnJlc2gifQ.oFl-6CwhgeiQ_G2p6WQNowuGxSRZPtMg5CApILzMEuk', 'ef0ed764-2a95-43d8-9bc8-3668b9d0ab6f', 'refresh', '2024-03-09 05:47:03', 0, '2024-02-08 05:47:03', '2024-02-08 05:47:03'),
(178, 'eyJhbGciOiJIUzI1NiIsInR5cCI6IkpXVCJ9.eyJzdWIiOiJlZjBlZDc2NC0yYTk1LTQzZDgtOWJjOC0zNjY4YjlkMGFiNmYiLCJpYXQiOjE3MDczNzE0MDMsImV4cCI6MTcwOTk2MzQwMywidHlwZSI6InJlZnJlc2gifQ.I0ZFSCxSURzFpjoGLRUrMoBSVrcDnI7T-7fgj6B4ktw', 'ef0ed764-2a95-43d8-9bc8-3668b9d0ab6f', 'refresh', '2024-03-09 05:50:03', 0, '2024-02-08 05:50:03', '2024-02-08 05:50:03'),
(180, 'eyJhbGciOiJIUzI1NiIsInR5cCI6IkpXVCJ9.eyJzdWIiOiJlZjBlZDc2NC0yYTk1LTQzZDgtOWJjOC0zNjY4YjlkMGFiNmYiLCJpYXQiOjE3MDczNzE3NzUsImV4cCI6MTcwOTk2Mzc3NSwidHlwZSI6InJlZnJlc2gifQ.oJvLwRVMJ7pZWtYjJDeQ0d0uWxualPaA3fVO38WRHrU', 'ef0ed764-2a95-43d8-9bc8-3668b9d0ab6f', 'refresh', '2024-03-09 05:56:15', 0, '2024-02-08 05:56:15', '2024-02-08 05:56:15'),
(182, 'eyJhbGciOiJIUzI1NiIsInR5cCI6IkpXVCJ9.eyJzdWIiOiJlZjBlZDc2NC0yYTk1LTQzZDgtOWJjOC0zNjY4YjlkMGFiNmYiLCJpYXQiOjE3MDczNzIyMDIsImV4cCI6MTcwOTk2NDIwMiwidHlwZSI6InJlZnJlc2gifQ.L8oZWb-H5AW9ItSgPGinpt5YPtxYwl-wmxzZU4Z3WyI', 'ef0ed764-2a95-43d8-9bc8-3668b9d0ab6f', 'refresh', '2024-03-09 06:03:22', 0, '2024-02-08 06:03:22', '2024-02-08 06:03:22'),
(184, 'eyJhbGciOiJIUzI1NiIsInR5cCI6IkpXVCJ9.eyJzdWIiOiJlZjBlZDc2NC0yYTk1LTQzZDgtOWJjOC0zNjY4YjlkMGFiNmYiLCJpYXQiOjE3MDczNzIyMjksImV4cCI6MTcwOTk2NDIyOSwidHlwZSI6InJlZnJlc2gifQ.mlxfRw4i44a9vai4eab3RJbEKC0wk3oKgjJHYqtT1Uw', 'ef0ed764-2a95-43d8-9bc8-3668b9d0ab6f', 'refresh', '2024-03-09 06:03:49', 0, '2024-02-08 06:03:49', '2024-02-08 06:03:49'),
(186, 'eyJhbGciOiJIUzI1NiIsInR5cCI6IkpXVCJ9.eyJzdWIiOiJlZjBlZDc2NC0yYTk1LTQzZDgtOWJjOC0zNjY4YjlkMGFiNmYiLCJpYXQiOjE3MDczNzI2MTMsImV4cCI6MTcwOTk2NDYxMywidHlwZSI6InJlZnJlc2gifQ.a92fqeF0Wa1k9O7fZDqtHYIPwK5VWKFkcIAHgeD-WQI', 'ef0ed764-2a95-43d8-9bc8-3668b9d0ab6f', 'refresh', '2024-03-09 06:10:13', 0, '2024-02-08 06:10:13', '2024-02-08 06:10:13'),
(188, 'eyJhbGciOiJIUzI1NiIsInR5cCI6IkpXVCJ9.eyJzdWIiOiJlZjBlZDc2NC0yYTk1LTQzZDgtOWJjOC0zNjY4YjlkMGFiNmYiLCJpYXQiOjE3MDczNzMxNzAsImV4cCI6MTcwOTk2NTE3MCwidHlwZSI6InJlZnJlc2gifQ.9bbfLzi63_xOffNhBQaAkLDBmgGL-qwBkn2vXDNTOts', 'ef0ed764-2a95-43d8-9bc8-3668b9d0ab6f', 'refresh', '2024-03-09 06:19:30', 0, '2024-02-08 06:19:30', '2024-02-08 06:19:30'),
(190, 'eyJhbGciOiJIUzI1NiIsInR5cCI6IkpXVCJ9.eyJzdWIiOiJlZjBlZDc2NC0yYTk1LTQzZDgtOWJjOC0zNjY4YjlkMGFiNmYiLCJpYXQiOjE3MDczNzM1MDUsImV4cCI6MTcwOTk2NTUwNSwidHlwZSI6InJlZnJlc2gifQ.87DN0padaAAjB3gw55Vk3MLwkTTcZ_vLcHviAf1x9pQ', 'ef0ed764-2a95-43d8-9bc8-3668b9d0ab6f', 'refresh', '2024-03-09 06:25:05', 0, '2024-02-08 06:25:05', '2024-02-08 06:25:05'),
(192, 'eyJhbGciOiJIUzI1NiIsInR5cCI6IkpXVCJ9.eyJzdWIiOiJlZjBlZDc2NC0yYTk1LTQzZDgtOWJjOC0zNjY4YjlkMGFiNmYiLCJpYXQiOjE3MDczNzM4NzYsImV4cCI6MTcwOTk2NTg3NiwidHlwZSI6InJlZnJlc2gifQ.nUJwjZcFqEVfZW_D-f8nnMMI3aIRdZogsbDIAQ6FoiU', 'ef0ed764-2a95-43d8-9bc8-3668b9d0ab6f', 'refresh', '2024-03-09 06:31:16', 0, '2024-02-08 06:31:16', '2024-02-08 06:31:16'),
(194, 'eyJhbGciOiJIUzI1NiIsInR5cCI6IkpXVCJ9.eyJzdWIiOiJlZjBlZDc2NC0yYTk1LTQzZDgtOWJjOC0zNjY4YjlkMGFiNmYiLCJpYXQiOjE3MDczNzQ2ODQsImV4cCI6MTcwOTk2NjY4NCwidHlwZSI6InJlZnJlc2gifQ.C8h9xHfbxCYw8ZsTgVr1R9gE6aYToFX00IiJrsYiCSE', 'ef0ed764-2a95-43d8-9bc8-3668b9d0ab6f', 'refresh', '2024-03-09 06:44:44', 0, '2024-02-08 06:44:44', '2024-02-08 06:44:44'),
(196, 'eyJhbGciOiJIUzI1NiIsInR5cCI6IkpXVCJ9.eyJzdWIiOiJlZjBlZDc2NC0yYTk1LTQzZDgtOWJjOC0zNjY4YjlkMGFiNmYiLCJpYXQiOjE3MDczNzUwNzgsImV4cCI6MTcwOTk2NzA3OCwidHlwZSI6InJlZnJlc2gifQ.RZ540a039scLp6rtk9Pqy5E_VR7MZRuoFrfzdmuxhMs', 'ef0ed764-2a95-43d8-9bc8-3668b9d0ab6f', 'refresh', '2024-03-09 06:51:18', 0, '2024-02-08 06:51:18', '2024-02-08 06:51:18'),
(198, 'eyJhbGciOiJIUzI1NiIsInR5cCI6IkpXVCJ9.eyJzdWIiOiJlZjBlZDc2NC0yYTk1LTQzZDgtOWJjOC0zNjY4YjlkMGFiNmYiLCJpYXQiOjE3MDczNzU1NTEsImV4cCI6MTcwOTk2NzU1MSwidHlwZSI6InJlZnJlc2gifQ.RYuujAUr47kOgI_EL5-Kx7YRutV0Ek_OF0wScE9sd98', 'ef0ed764-2a95-43d8-9bc8-3668b9d0ab6f', 'refresh', '2024-03-09 06:59:11', 0, '2024-02-08 06:59:11', '2024-02-08 06:59:11'),
(200, 'eyJhbGciOiJIUzI1NiIsInR5cCI6IkpXVCJ9.eyJzdWIiOiJlZjBlZDc2NC0yYTk1LTQzZDgtOWJjOC0zNjY4YjlkMGFiNmYiLCJpYXQiOjE3MDczNzYxMTUsImV4cCI6MTcwOTk2ODExNSwidHlwZSI6InJlZnJlc2gifQ.5krJEieLU66Pnw3Hin3Z-DRN4oLhFXbk4UiPvXBhEKQ', 'ef0ed764-2a95-43d8-9bc8-3668b9d0ab6f', 'refresh', '2024-03-09 07:08:35', 0, '2024-02-08 07:08:35', '2024-02-08 07:08:35'),
(202, 'eyJhbGciOiJIUzI1NiIsInR5cCI6IkpXVCJ9.eyJzdWIiOiJlZjBlZDc2NC0yYTk1LTQzZDgtOWJjOC0zNjY4YjlkMGFiNmYiLCJpYXQiOjE3MDczNzYxMTgsImV4cCI6MTcwOTk2ODExOCwidHlwZSI6InJlZnJlc2gifQ.6vgEQpP71tCfmLifVpbr5v7IzjQqTgObYuc2cdZINI4', 'ef0ed764-2a95-43d8-9bc8-3668b9d0ab6f', 'refresh', '2024-03-09 07:08:38', 0, '2024-02-08 07:08:38', '2024-02-08 07:08:38'),
(204, 'eyJhbGciOiJIUzI1NiIsInR5cCI6IkpXVCJ9.eyJzdWIiOiJlZjBlZDc2NC0yYTk1LTQzZDgtOWJjOC0zNjY4YjlkMGFiNmYiLCJpYXQiOjE3MDczNzY2ODQsImV4cCI6MTcwOTk2ODY4NCwidHlwZSI6InJlZnJlc2gifQ.S8kwY9RmEiSajCuT9B5-uUZQ4XKJpG7UmJg1IG6HX_I', 'ef0ed764-2a95-43d8-9bc8-3668b9d0ab6f', 'refresh', '2024-03-09 07:18:04', 0, '2024-02-08 07:18:04', '2024-02-08 07:18:04'),
(206, 'eyJhbGciOiJIUzI1NiIsInR5cCI6IkpXVCJ9.eyJzdWIiOiJlZjBlZDc2NC0yYTk1LTQzZDgtOWJjOC0zNjY4YjlkMGFiNmYiLCJpYXQiOjE3MDczNzY3NDEsImV4cCI6MTcwOTk2ODc0MSwidHlwZSI6InJlZnJlc2gifQ.oHKM1LiI50dkqpbLcrvtauZ82g5eaM7TWFzOSigBOWg', 'ef0ed764-2a95-43d8-9bc8-3668b9d0ab6f', 'refresh', '2024-03-09 07:19:01', 0, '2024-02-08 07:19:01', '2024-02-08 07:19:01'),
(208, 'eyJhbGciOiJIUzI1NiIsInR5cCI6IkpXVCJ9.eyJzdWIiOiJlZjBlZDc2NC0yYTk1LTQzZDgtOWJjOC0zNjY4YjlkMGFiNmYiLCJpYXQiOjE3MDczNzY3NDgsImV4cCI6MTcwOTk2ODc0OCwidHlwZSI6InJlZnJlc2gifQ.HSVXCj_lcTSaL1YGavbYwX8m1puEwADPydvdEskpUuA', 'ef0ed764-2a95-43d8-9bc8-3668b9d0ab6f', 'refresh', '2024-03-09 07:19:08', 0, '2024-02-08 07:19:08', '2024-02-08 07:19:08'),
(210, 'eyJhbGciOiJIUzI1NiIsInR5cCI6IkpXVCJ9.eyJzdWIiOiJlZjBlZDc2NC0yYTk1LTQzZDgtOWJjOC0zNjY4YjlkMGFiNmYiLCJpYXQiOjE3MDczODM4NDAsImV4cCI6MTcwOTk3NTg0MCwidHlwZSI6InJlZnJlc2gifQ._cTg1CDfMeQqn83y4ze6i-mr_Xicv7d9GVg3b9DFIoQ', 'ef0ed764-2a95-43d8-9bc8-3668b9d0ab6f', 'refresh', '2024-03-09 09:17:20', 0, '2024-02-08 09:17:20', '2024-02-08 09:17:20'),
(212, 'eyJhbGciOiJIUzI1NiIsInR5cCI6IkpXVCJ9.eyJzdWIiOiJkNWFiZTkzZS0xOTRjLTQ0ZjctYTk2Ni0zZGU2ZTBlZmI5ZmIiLCJpYXQiOjE3MDczODgzODEsImV4cCI6MTcwOTk4MDM4MSwidHlwZSI6InJlZnJlc2gifQ.nK1hMyb2JTeDl9W1_-Yif823vqY4HMHy5TYF9uYbmOU', 'd5abe93e-194c-44f7-a966-3de6e0efb9fb', 'refresh', '2024-03-09 10:33:01', 0, '2024-02-08 10:33:01', '2024-02-08 10:33:01'),
(214, 'eyJhbGciOiJIUzI1NiIsInR5cCI6IkpXVCJ9.eyJzdWIiOiI3ZGRjYWZiNS1jNWVjLTQ4ZWUtOGY5Zi00NTNlM2RhZDhiNWUiLCJpYXQiOjE3MDczODkxODIsImV4cCI6MTcwOTk4MTE4MiwidHlwZSI6InJlZnJlc2gifQ.UPdi-jnZyGVKVEWfMx3klEnl7U2qomdxstJFSLnzBL8', '7ddcafb5-c5ec-48ee-8f9f-453e3dad8b5e', 'refresh', '2024-03-09 10:46:22', 0, '2024-02-08 10:46:22', '2024-02-08 10:46:22'),
(216, 'eyJhbGciOiJIUzI1NiIsInR5cCI6IkpXVCJ9.eyJzdWIiOiJiNWE3ODExNS1kYjg0LTQyOGItYTZhNy03MWM1Y2EyODEyNGUiLCJpYXQiOjE3MDczODkyNjgsImV4cCI6MTcwOTk4MTI2OCwidHlwZSI6InJlZnJlc2gifQ._Q0DiIw3os9icV0Wnxqrc2iKwU990UZX6G8atusyWSo', 'b5a78115-db84-428b-a6a7-71c5ca28124e', 'refresh', '2024-03-09 10:47:48', 0, '2024-02-08 10:47:48', '2024-02-08 10:47:48'),
(218, 'eyJhbGciOiJIUzI1NiIsInR5cCI6IkpXVCJ9.eyJzdWIiOiJiNWE3ODExNS1kYjg0LTQyOGItYTZhNy03MWM1Y2EyODEyNGUiLCJpYXQiOjE3MDczOTAwNjMsImV4cCI6MTcwOTk4MjA2MywidHlwZSI6InJlZnJlc2gifQ.6rz2Unb3NfBZ7YFefZj97Uz-YXuG9aXUMRU1CpL_sog', 'b5a78115-db84-428b-a6a7-71c5ca28124e', 'refresh', '2024-03-09 11:01:03', 0, '2024-02-08 11:01:03', '2024-02-08 11:01:03'),
(220, 'eyJhbGciOiJIUzI1NiIsInR5cCI6IkpXVCJ9.eyJzdWIiOiJiNWE3ODExNS1kYjg0LTQyOGItYTZhNy03MWM1Y2EyODEyNGUiLCJpYXQiOjE3MDczOTAzMzEsImV4cCI6MTcwOTk4MjMzMSwidHlwZSI6InJlZnJlc2gifQ.9Oy-kPinS9dO96AFFfH_65FKQUKtGof39WcsL2ZZeCU', 'b5a78115-db84-428b-a6a7-71c5ca28124e', 'refresh', '2024-03-09 11:05:31', 0, '2024-02-08 11:05:31', '2024-02-08 11:05:31'),
(222, 'eyJhbGciOiJIUzI1NiIsInR5cCI6IkpXVCJ9.eyJzdWIiOiJiNWE3ODExNS1kYjg0LTQyOGItYTZhNy03MWM1Y2EyODEyNGUiLCJpYXQiOjE3MDczOTA0MjQsImV4cCI6MTcwOTk4MjQyNCwidHlwZSI6InJlZnJlc2gifQ.4cR7pS-dxCkkfRjtXO_RwfrsHAnykjHxX2m_UvmJ-1o', 'b5a78115-db84-428b-a6a7-71c5ca28124e', 'refresh', '2024-03-09 11:07:04', 0, '2024-02-08 11:07:04', '2024-02-08 11:07:04'),
(224, 'eyJhbGciOiJIUzI1NiIsInR5cCI6IkpXVCJ9.eyJzdWIiOiJiNWE3ODExNS1kYjg0LTQyOGItYTZhNy03MWM1Y2EyODEyNGUiLCJpYXQiOjE3MDczOTI2NjcsImV4cCI6MTcwOTk4NDY2NywidHlwZSI6InJlZnJlc2gifQ.apDPpYjQwaA0iWwrGznA8N9jzrSLRe6_a8tfNkRVjGg', 'b5a78115-db84-428b-a6a7-71c5ca28124e', 'refresh', '2024-03-09 11:44:27', 0, '2024-02-08 11:44:27', '2024-02-08 11:44:27'),
(226, 'eyJhbGciOiJIUzI1NiIsInR5cCI6IkpXVCJ9.eyJzdWIiOiJiNWE3ODExNS1kYjg0LTQyOGItYTZhNy03MWM1Y2EyODEyNGUiLCJpYXQiOjE3MDczOTI5OTQsImV4cCI6MTcwOTk4NDk5NCwidHlwZSI6InJlZnJlc2gifQ.GGJrkfOqB6JIM9y26Rpdq0XF4kFGqUHOauiDrvQuRAU', 'b5a78115-db84-428b-a6a7-71c5ca28124e', 'refresh', '2024-03-09 11:49:54', 0, '2024-02-08 11:49:54', '2024-02-08 11:49:54'),
(228, 'eyJhbGciOiJIUzI1NiIsInR5cCI6IkpXVCJ9.eyJzdWIiOiJiNWE3ODExNS1kYjg0LTQyOGItYTZhNy03MWM1Y2EyODEyNGUiLCJpYXQiOjE3MDczOTM3NDMsImV4cCI6MTcwOTk4NTc0MywidHlwZSI6InJlZnJlc2gifQ.noqnqyLy1zALekjmHpjGVtiHFizvIIKM5B-Sax584ZE', 'b5a78115-db84-428b-a6a7-71c5ca28124e', 'refresh', '2024-03-09 12:02:23', 0, '2024-02-08 12:02:23', '2024-02-08 12:02:23'),
(230, 'eyJhbGciOiJIUzI1NiIsInR5cCI6IkpXVCJ9.eyJzdWIiOiJiNWE3ODExNS1kYjg0LTQyOGItYTZhNy03MWM1Y2EyODEyNGUiLCJpYXQiOjE3MDczOTQxNTYsImV4cCI6MTcwOTk4NjE1NiwidHlwZSI6InJlZnJlc2gifQ.MDTxB_fHPFT68FlwBGSFdzMkzvtXYJYD5yYVujjdEN8', 'b5a78115-db84-428b-a6a7-71c5ca28124e', 'refresh', '2024-03-09 12:09:16', 0, '2024-02-08 12:09:16', '2024-02-08 12:09:16'),
(232, 'eyJhbGciOiJIUzI1NiIsInR5cCI6IkpXVCJ9.eyJzdWIiOiJiNWE3ODExNS1kYjg0LTQyOGItYTZhNy03MWM1Y2EyODEyNGUiLCJpYXQiOjE3MDczOTU4OTYsImV4cCI6MTcwOTk4Nzg5NiwidHlwZSI6InJlZnJlc2gifQ.beQHdWV4LRGO7h-MF1ud9LkoWrTjKi_q3Sg7dazp_Kc', 'b5a78115-db84-428b-a6a7-71c5ca28124e', 'refresh', '2024-03-09 12:38:16', 0, '2024-02-08 12:38:16', '2024-02-08 12:38:16'),
(234, 'eyJhbGciOiJIUzI1NiIsInR5cCI6IkpXVCJ9.eyJzdWIiOiJiNWE3ODExNS1kYjg0LTQyOGItYTZhNy03MWM1Y2EyODEyNGUiLCJpYXQiOjE3MDczOTcwMzcsImV4cCI6MTcwOTk4OTAzNywidHlwZSI6InJlZnJlc2gifQ.hro4HDzX8-XFqof5VqLc5_YDD3iJIuzSwIWCv-KROzY', 'b5a78115-db84-428b-a6a7-71c5ca28124e', 'refresh', '2024-03-09 12:57:17', 0, '2024-02-08 12:57:17', '2024-02-08 12:57:17'),
(236, 'eyJhbGciOiJIUzI1NiIsInR5cCI6IkpXVCJ9.eyJzdWIiOiJiNWE3ODExNS1kYjg0LTQyOGItYTZhNy03MWM1Y2EyODEyNGUiLCJpYXQiOjE3MDczOTc2NDUsImV4cCI6MTcwOTk4OTY0NSwidHlwZSI6InJlZnJlc2gifQ.pEjS1RgLgduL-iD_79MXAt5R8o37q04bQ-9jjZ6uYYg', 'b5a78115-db84-428b-a6a7-71c5ca28124e', 'refresh', '2024-03-09 13:07:25', 0, '2024-02-08 13:07:25', '2024-02-08 13:07:25'),
(238, 'eyJhbGciOiJIUzI1NiIsInR5cCI6IkpXVCJ9.eyJzdWIiOiJiNWE3ODExNS1kYjg0LTQyOGItYTZhNy03MWM1Y2EyODEyNGUiLCJpYXQiOjE3MDczOTc3MTAsImV4cCI6MTcwOTk4OTcxMCwidHlwZSI6InJlZnJlc2gifQ.Cp7jPjlBW4o5LtbzOFYuSotwUa0ubW9_5Y7_MPvyGOA', 'b5a78115-db84-428b-a6a7-71c5ca28124e', 'refresh', '2024-03-09 13:08:30', 0, '2024-02-08 13:08:30', '2024-02-08 13:08:30'),
(240, 'eyJhbGciOiJIUzI1NiIsInR5cCI6IkpXVCJ9.eyJzdWIiOiJiNWE3ODExNS1kYjg0LTQyOGItYTZhNy03MWM1Y2EyODEyNGUiLCJpYXQiOjE3MDczOTgwMjAsImV4cCI6MTcwOTk5MDAyMCwidHlwZSI6InJlZnJlc2gifQ.8KPwGnwi9kOQ5h7xyBbBAMlJjtemk8L-PcJTCzlqOsY', 'b5a78115-db84-428b-a6a7-71c5ca28124e', 'refresh', '2024-03-09 13:13:40', 0, '2024-02-08 13:13:40', '2024-02-08 13:13:40'),
(242, 'eyJhbGciOiJIUzI1NiIsInR5cCI6IkpXVCJ9.eyJzdWIiOiJiNWE3ODExNS1kYjg0LTQyOGItYTZhNy03MWM1Y2EyODEyNGUiLCJpYXQiOjE3MDc0NTYxNzksImV4cCI6MTcxMDA0ODE3OSwidHlwZSI6InJlZnJlc2gifQ.Gt8fPjl5jM_iYssO8WP4kGkFUJ6iDGu57yQ6HH_20SE', 'b5a78115-db84-428b-a6a7-71c5ca28124e', 'refresh', '2024-03-10 05:22:59', 0, '2024-02-09 05:22:59', '2024-02-09 05:22:59'),
(244, 'eyJhbGciOiJIUzI1NiIsInR5cCI6IkpXVCJ9.eyJzdWIiOiJmNGU1OTljZS1mNDJkLTRjNmQtODZkYS02YTU3YjRkNmEyZDIiLCJpYXQiOjE3MDc0NTY2NDMsImV4cCI6MTcxMDA0ODY0MywidHlwZSI6InJlZnJlc2gifQ.3uTh4ri8cGwoAIY61oyzMlZr88b0rQpfQ7JkSazGSwo', 'f4e599ce-f42d-4c6d-86da-6a57b4d6a2d2', 'refresh', '2024-03-10 05:30:43', 0, '2024-02-09 05:30:43', '2024-02-09 05:30:43'),
(246, 'eyJhbGciOiJIUzI1NiIsInR5cCI6IkpXVCJ9.eyJzdWIiOiJmNGU1OTljZS1mNDJkLTRjNmQtODZkYS02YTU3YjRkNmEyZDIiLCJpYXQiOjE3MDc0NTY4NDcsImV4cCI6MTcxMDA0ODg0NywidHlwZSI6InJlZnJlc2gifQ.RYLhnDp4GMvKP0tYD_reqq5Pk945LAMo0RbavNoWsIo', 'f4e599ce-f42d-4c6d-86da-6a57b4d6a2d2', 'refresh', '2024-03-10 05:34:07', 0, '2024-02-09 05:34:07', '2024-02-09 05:34:07'),
(248, 'eyJhbGciOiJIUzI1NiIsInR5cCI6IkpXVCJ9.eyJzdWIiOiJmNGU1OTljZS1mNDJkLTRjNmQtODZkYS02YTU3YjRkNmEyZDIiLCJpYXQiOjE3MDc0NTY4NjMsImV4cCI6MTcxMDA0ODg2MywidHlwZSI6InJlZnJlc2gifQ.ZrnORS5Zuf6QuYNOJ-zcpHPfTB5a4oWhNpommIIoo18', 'f4e599ce-f42d-4c6d-86da-6a57b4d6a2d2', 'refresh', '2024-03-10 05:34:23', 0, '2024-02-09 05:34:23', '2024-02-09 05:34:23'),
(250, 'eyJhbGciOiJIUzI1NiIsInR5cCI6IkpXVCJ9.eyJzdWIiOiJmNGU1OTljZS1mNDJkLTRjNmQtODZkYS02YTU3YjRkNmEyZDIiLCJpYXQiOjE3MDc0NTY4OTMsImV4cCI6MTcxMDA0ODg5MywidHlwZSI6InJlZnJlc2gifQ.RIuP7wIotJqS3AYQF0fxfjnMSU659XgsGSrhmPkFyZM', 'f4e599ce-f42d-4c6d-86da-6a57b4d6a2d2', 'refresh', '2024-03-10 05:34:53', 0, '2024-02-09 05:34:53', '2024-02-09 05:34:53'),
(252, 'eyJhbGciOiJIUzI1NiIsInR5cCI6IkpXVCJ9.eyJzdWIiOiJmNGU1OTljZS1mNDJkLTRjNmQtODZkYS02YTU3YjRkNmEyZDIiLCJpYXQiOjE3MDc0NTY5NzQsImV4cCI6MTcxMDA0ODk3NCwidHlwZSI6InJlZnJlc2gifQ.XubRyzFrsjr6AEDa8wp8J7N6NoW8uY4jknOSxQCmUiA', 'f4e599ce-f42d-4c6d-86da-6a57b4d6a2d2', 'refresh', '2024-03-10 05:36:14', 0, '2024-02-09 05:36:14', '2024-02-09 05:36:14'),
(254, 'eyJhbGciOiJIUzI1NiIsInR5cCI6IkpXVCJ9.eyJzdWIiOiJmNGU1OTljZS1mNDJkLTRjNmQtODZkYS02YTU3YjRkNmEyZDIiLCJpYXQiOjE3MDc0NTcwNjAsImV4cCI6MTcxMDA0OTA2MCwidHlwZSI6InJlZnJlc2gifQ.A0remT0hpgRC0lmMu3ZqHkVIYlkHtGvPQp6k_gyvWGU', 'f4e599ce-f42d-4c6d-86da-6a57b4d6a2d2', 'refresh', '2024-03-10 05:37:40', 0, '2024-02-09 05:37:40', '2024-02-09 05:37:40'),
(256, 'eyJhbGciOiJIUzI1NiIsInR5cCI6IkpXVCJ9.eyJzdWIiOiJmNGU1OTljZS1mNDJkLTRjNmQtODZkYS02YTU3YjRkNmEyZDIiLCJpYXQiOjE3MDc0NTcyNDgsImV4cCI6MTcxMDA0OTI0OCwidHlwZSI6InJlZnJlc2gifQ._l7HC-clgOy-yEOPjHYHymtwy4RLllLe2ZiXTJ63lmM', 'f4e599ce-f42d-4c6d-86da-6a57b4d6a2d2', 'refresh', '2024-03-10 05:40:48', 0, '2024-02-09 05:40:48', '2024-02-09 05:40:48'),
(258, 'eyJhbGciOiJIUzI1NiIsInR5cCI6IkpXVCJ9.eyJzdWIiOiIxMzAzNTQ4Zi1iMjFlLTRkYmUtODk5My1jNGNlZjFlZTM2ZDAiLCJpYXQiOjE3MDc0NTc2NjIsImV4cCI6MTcxMDA0OTY2MiwidHlwZSI6InJlZnJlc2gifQ.cjCHBS-tmsYK6fbHCYfnm4XVTDBb0_zAhDBsAtFoORQ', '1303548f-b21e-4dbe-8993-c4cef1ee36d0', 'refresh', '2024-03-10 05:47:42', 0, '2024-02-09 05:47:42', '2024-02-09 05:47:42'),
(260, 'eyJhbGciOiJIUzI1NiIsInR5cCI6IkpXVCJ9.eyJzdWIiOiIxMzAzNTQ4Zi1iMjFlLTRkYmUtODk5My1jNGNlZjFlZTM2ZDAiLCJpYXQiOjE3MDc0NTc4ODAsImV4cCI6MTcxMDA0OTg4MCwidHlwZSI6InJlZnJlc2gifQ.loDjgXePyGY9oNqoTERedRzBSpSKlo7cA30x-Vkytvc', '1303548f-b21e-4dbe-8993-c4cef1ee36d0', 'refresh', '2024-03-10 05:51:20', 0, '2024-02-09 05:51:20', '2024-02-09 05:51:20'),
(262, 'eyJhbGciOiJIUzI1NiIsInR5cCI6IkpXVCJ9.eyJzdWIiOiIzN2ZlNTljOC1hOGQ1LTRjYzAtYWQ3Zi02ZWM0ZDlkYjY3NDciLCJpYXQiOjE3MDc0NTc5NzEsImV4cCI6MTcxMDA0OTk3MSwidHlwZSI6InJlZnJlc2gifQ.h5zPxITb14vEmwA9w0ZL6nD8vuJQ_GR2wREb0_JJ8t0', '37fe59c8-a8d5-4cc0-ad7f-6ec4d9db6747', 'refresh', '2024-03-10 05:52:51', 0, '2024-02-09 05:52:51', '2024-02-09 05:52:51'),
(264, 'eyJhbGciOiJIUzI1NiIsInR5cCI6IkpXVCJ9.eyJzdWIiOiJkYzU0ZmQwMC01MWRkLTQ1NWEtOTZlMS1kYmQ3ODgyMTYyNTAiLCJpYXQiOjE3MDc0NTgxNTksImV4cCI6MTcxMDA1MDE1OSwidHlwZSI6InJlZnJlc2gifQ.VJTQiLmcekqZot3XWBgqXptuZAlhc2etSGGvv4mXsYo', 'dc54fd00-51dd-455a-96e1-dbd788216250', 'refresh', '2024-03-10 05:55:59', 0, '2024-02-09 05:55:59', '2024-02-09 05:55:59'),
(266, 'eyJhbGciOiJIUzI1NiIsInR5cCI6IkpXVCJ9.eyJzdWIiOiIzN2ZlNTljOC1hOGQ1LTRjYzAtYWQ3Zi02ZWM0ZDlkYjY3NDciLCJpYXQiOjE3MDc0NjU0OTEsImV4cCI6MTcxMDA1NzQ5MSwidHlwZSI6InJlZnJlc2gifQ.QzRrMIuA8l5llO7DumqSPaY1NzFSVbZFu1oYLOhLB_k', '37fe59c8-a8d5-4cc0-ad7f-6ec4d9db6747', 'refresh', '2024-03-10 07:58:11', 0, '2024-02-09 07:58:11', '2024-02-09 07:58:11'),
(268, 'eyJhbGciOiJIUzI1NiIsInR5cCI6IkpXVCJ9.eyJzdWIiOiJkNzE3MjllYS1lYjY3LTRlMDEtOTIyMC1kMWE4NjU2ODI0MWQiLCJpYXQiOjE3MDc0NjkwMTQsImV4cCI6MTcxMDA2MTAxNCwidHlwZSI6InJlZnJlc2gifQ.MAp0H1vyCVRE9FgUhlpSlbi1RIwzpYe8N5TbHE0wbKI', 'd71729ea-eb67-4e01-9220-d1a86568241d', 'refresh', '2024-03-10 08:56:54', 0, '2024-02-09 08:56:54', '2024-02-09 08:56:54'),
(270, 'eyJhbGciOiJIUzI1NiIsInR5cCI6IkpXVCJ9.eyJzdWIiOiIzN2I0ZmJmOS0xMmEyLTRjYjMtYjFmMC00ZTk3NWM0NzMxMTMiLCJpYXQiOjE3MDc0Njk5NzAsImV4cCI6MTcxMDA2MTk3MCwidHlwZSI6InJlZnJlc2gifQ.7pkr9tuYm5Ak2fds2tVvxAxPTjiecfy-v9OXLRaLnd4', '37b4fbf9-12a2-4cb3-b1f0-4e975c473113', 'refresh', '2024-03-10 09:12:50', 0, '2024-02-09 09:12:50', '2024-02-09 09:12:50'),
(272, 'eyJhbGciOiJIUzI1NiIsInR5cCI6IkpXVCJ9.eyJzdWIiOiIxMzAzNTQ4Zi1iMjFlLTRkYmUtODk5My1jNGNlZjFlZTM2ZDAiLCJpYXQiOjE3MDc0NzMyNjUsImV4cCI6MTcxMDA2NTI2NSwidHlwZSI6InJlZnJlc2gifQ.FNJoq6mJADGVTfzL5RTe0xjNGMMlRxGE2XcZGdfMgs8', '1303548f-b21e-4dbe-8993-c4cef1ee36d0', 'refresh', '2024-03-10 10:07:45', 0, '2024-02-09 10:07:45', '2024-02-09 10:07:45'),
(274, 'eyJhbGciOiJIUzI1NiIsInR5cCI6IkpXVCJ9.eyJzdWIiOiIxMzAzNTQ4Zi1iMjFlLTRkYmUtODk5My1jNGNlZjFlZTM2ZDAiLCJpYXQiOjE3MDc0Nzg0MzUsImV4cCI6MTcxMDA3MDQzNSwidHlwZSI6InJlZnJlc2gifQ.E3oz3FF2uqD7e8fMopelrD1zvj2N8b0rZuwsxitKa8M', '1303548f-b21e-4dbe-8993-c4cef1ee36d0', 'refresh', '2024-03-10 11:33:55', 0, '2024-02-09 11:33:55', '2024-02-09 11:33:55'),
(276, 'eyJhbGciOiJIUzI1NiIsInR5cCI6IkpXVCJ9.eyJzdWIiOiJiMWE0YTE5Ni03OTdhLTQ4OTEtYWZjMS1kZDNkZGU1MWE0NDciLCJpYXQiOjE3MDc0ODI2OTEsImV4cCI6MTcxMDA3NDY5MSwidHlwZSI6InJlZnJlc2gifQ.8Pv8XuhGk-jf1siqJaIdMnGB8u1Oj2WprxCUa6Ypak4', 'b1a4a196-797a-4891-afc1-dd3dde51a447', 'refresh', '2024-03-10 12:44:51', 0, '2024-02-09 12:44:51', '2024-02-09 12:44:51'),
(278, 'eyJhbGciOiJIUzI1NiIsInR5cCI6IkpXVCJ9.eyJzdWIiOiIxOTNkMWM0Yi0yMTk2LTQ2NzMtOTliMy05YmViZGMzYjNlZjAiLCJpYXQiOjE3MDc0ODI4NTUsImV4cCI6MTcxMDA3NDg1NSwidHlwZSI6InJlZnJlc2gifQ.y37eNG6dHXoAbaOpAOZ370cX0Om_DQZ805GXceGU22Y', '193d1c4b-2196-4673-99b3-9bebdc3b3ef0', 'refresh', '2024-03-10 12:47:35', 0, '2024-02-09 12:47:35', '2024-02-09 12:47:35'),
(280, 'eyJhbGciOiJIUzI1NiIsInR5cCI6IkpXVCJ9.eyJzdWIiOiJjYmMwNWNkMi0zZGFkLTQ5YWUtYTZmMi02MmEwN2RiZTNiNWEiLCJpYXQiOjE3MDc0ODI5NDcsImV4cCI6MTcxMDA3NDk0NywidHlwZSI6InJlZnJlc2gifQ.x8KKsHO50oBKJudZusfA4jz_zz3IVxa-bAGP7TTBkw4', 'cbc05cd2-3dad-49ae-a6f2-62a07dbe3b5a', 'refresh', '2024-03-10 12:49:07', 0, '2024-02-09 12:49:07', '2024-02-09 12:49:07'),
(282, 'eyJhbGciOiJIUzI1NiIsInR5cCI6IkpXVCJ9.eyJzdWIiOiJlNzE5NGMyOS1iNTY2LTQwOTEtOWY5Yi0zNTY3Y2VmNWRiYTMiLCJpYXQiOjE3MDc0ODMxMDYsImV4cCI6MTcxMDA3NTEwNiwidHlwZSI6InJlZnJlc2gifQ.Dk92DLkIgL-ajcjlMdl6QoUSYK5oWKI_N7ob57-BmD0', 'e7194c29-b566-4091-9f9b-3567cef5dba3', 'refresh', '2024-03-10 12:51:46', 0, '2024-02-09 12:51:46', '2024-02-09 12:51:46'),
(284, 'eyJhbGciOiJIUzI1NiIsInR5cCI6IkpXVCJ9.eyJzdWIiOiIxNTljMGI4Yi1lYjkyLTQxYWYtODIwZS0xMWE5MWVkZjhkMzEiLCJpYXQiOjE3MDc0ODMyMjEsImV4cCI6MTcxMDA3NTIyMSwidHlwZSI6InJlZnJlc2gifQ.tdBLxjtYLnjIG9pOlUt4Dxn9INiJtwndamfhKbMBAPA', '159c0b8b-eb92-41af-820e-11a91edf8d31', 'refresh', '2024-03-10 12:53:41', 0, '2024-02-09 12:53:41', '2024-02-09 12:53:41'),
(286, 'eyJhbGciOiJIUzI1NiIsInR5cCI6IkpXVCJ9.eyJzdWIiOiJhNDM5M2E1Ny1jOWQ3LTQxMzQtYWRmNi0yMzliZmExODAzMGMiLCJpYXQiOjE3MDc0ODMzNDcsImV4cCI6MTcxMDA3NTM0NywidHlwZSI6InJlZnJlc2gifQ.VW8m1aQtxShM1D9Oz48I8S71qn7P6jdieFyQBykfTmE', 'a4393a57-c9d7-4134-adf6-239bfa18030c', 'refresh', '2024-03-10 12:55:47', 0, '2024-02-09 12:55:47', '2024-02-09 12:55:47'),
(288, 'eyJhbGciOiJIUzI1NiIsInR5cCI6IkpXVCJ9.eyJzdWIiOiIxMzAzNTQ4Zi1iMjFlLTRkYmUtODk5My1jNGNlZjFlZTM2ZDAiLCJpYXQiOjE3MDc3MTU5MjQsImV4cCI6MTcxMDMwNzkyNCwidHlwZSI6InJlZnJlc2gifQ.UNSkK9ouv30YGythaIbA-csKDGFAvWBphg9D6W3yS7k', '1303548f-b21e-4dbe-8993-c4cef1ee36d0', 'refresh', '2024-03-13 05:32:04', 0, '2024-02-12 05:32:04', '2024-02-12 05:32:04'),
(290, 'eyJhbGciOiJIUzI1NiIsInR5cCI6IkpXVCJ9.eyJzdWIiOiIxMzAzNTQ4Zi1iMjFlLTRkYmUtODk5My1jNGNlZjFlZTM2ZDAiLCJpYXQiOjE3MDc3MTY0NTAsImV4cCI6MTcxMDMwODQ1MCwidHlwZSI6InJlZnJlc2gifQ.y6B0a7ckZhvJSsZ7VNfk_1LbOPOYS7kafUNGgh7OnW8', '1303548f-b21e-4dbe-8993-c4cef1ee36d0', 'refresh', '2024-03-13 05:40:50', 0, '2024-02-12 05:40:50', '2024-02-12 05:40:50'),
(292, 'eyJhbGciOiJIUzI1NiIsInR5cCI6IkpXVCJ9.eyJzdWIiOiIxMzAzNTQ4Zi1iMjFlLTRkYmUtODk5My1jNGNlZjFlZTM2ZDAiLCJpYXQiOjE3MDc3MTgyMzgsImV4cCI6MTcxMDMxMDIzOCwidHlwZSI6InJlZnJlc2gifQ.kP8c-ayS_XDtw4-uvTOVrlmQeGT1a_VT6zSIAxxO6h0', '1303548f-b21e-4dbe-8993-c4cef1ee36d0', 'refresh', '2024-03-13 06:10:38', 0, '2024-02-12 06:10:38', '2024-02-12 06:10:38'),
(294, 'eyJhbGciOiJIUzI1NiIsInR5cCI6IkpXVCJ9.eyJzdWIiOiIxMzAzNTQ4Zi1iMjFlLTRkYmUtODk5My1jNGNlZjFlZTM2ZDAiLCJpYXQiOjE3MDc3MjExMTYsImV4cCI6MTcxMDMxMzExNiwidHlwZSI6InJlZnJlc2gifQ.yzqT9YRGVXCFRom2bd7NooDA7c-kygGH198nhBRfahw', '1303548f-b21e-4dbe-8993-c4cef1ee36d0', 'refresh', '2024-03-13 06:58:36', 0, '2024-02-12 06:58:36', '2024-02-12 06:58:36'),
(296, 'eyJhbGciOiJIUzI1NiIsInR5cCI6IkpXVCJ9.eyJzdWIiOiIxMzAzNTQ4Zi1iMjFlLTRkYmUtODk5My1jNGNlZjFlZTM2ZDAiLCJpYXQiOjE3MDc3MjIyNDYsImV4cCI6MTcxMDMxNDI0NiwidHlwZSI6InJlZnJlc2gifQ.dT5x1PbaeZ525rpCNqhmm1Q3yO3ysCIfgiXVornoGy0', '1303548f-b21e-4dbe-8993-c4cef1ee36d0', 'refresh', '2024-03-13 07:17:26', 0, '2024-02-12 07:17:26', '2024-02-12 07:17:26'),
(298, 'eyJhbGciOiJIUzI1NiIsInR5cCI6IkpXVCJ9.eyJzdWIiOiIxMzAzNTQ4Zi1iMjFlLTRkYmUtODk5My1jNGNlZjFlZTM2ZDAiLCJpYXQiOjE3MDc3MjMyNTEsImV4cCI6MTcxMDMxNTI1MSwidHlwZSI6InJlZnJlc2gifQ.YbX6F-SeRTTYlDQQZebgYxbocZ2_SfOAD5sQ_-RC2Ew', '1303548f-b21e-4dbe-8993-c4cef1ee36d0', 'refresh', '2024-03-13 07:34:11', 0, '2024-02-12 07:34:11', '2024-02-12 07:34:11'),
(300, 'eyJhbGciOiJIUzI1NiIsInR5cCI6IkpXVCJ9.eyJzdWIiOiJiYjVjMGMxOC0wMThjLTRmMWYtOWIxZi03N2QyMzE2MTUyZmUiLCJpYXQiOjE3MDc3MjU0MDUsImV4cCI6MTcxMDMxNzQwNSwidHlwZSI6InJlZnJlc2gifQ.zvuwFVkxaYH7LZxSv-NBEGx8LTYGRx7-rVVLsaqnqVY', 'bb5c0c18-018c-4f1f-9b1f-77d2316152fe', 'refresh', '2024-03-13 08:10:05', 0, '2024-02-12 08:10:05', '2024-02-12 08:10:05'),
(302, 'eyJhbGciOiJIUzI1NiIsInR5cCI6IkpXVCJ9.eyJzdWIiOiIxMzAzNTQ4Zi1iMjFlLTRkYmUtODk5My1jNGNlZjFlZTM2ZDAiLCJpYXQiOjE3MDc3MzQ3MDEsImV4cCI6MTcxMDMyNjcwMSwidHlwZSI6InJlZnJlc2gifQ.-Rpos46CtmAiw1BEHhO0_6JI9wrTt921wMe-igakiz0', '1303548f-b21e-4dbe-8993-c4cef1ee36d0', 'refresh', '2024-03-13 10:45:01', 0, '2024-02-12 10:45:01', '2024-02-12 10:45:01'),
(304, 'eyJhbGciOiJIUzI1NiIsInR5cCI6IkpXVCJ9.eyJzdWIiOiIxMzAzNTQ4Zi1iMjFlLTRkYmUtODk5My1jNGNlZjFlZTM2ZDAiLCJpYXQiOjE3MDc3MzQ5MjEsImV4cCI6MTcxMDMyNjkyMSwidHlwZSI6InJlZnJlc2gifQ.juuAUwUKlIpxtFQ26HWLKmuUmhfjPS8RV24Baq-lTYM', '1303548f-b21e-4dbe-8993-c4cef1ee36d0', 'refresh', '2024-03-13 10:48:41', 0, '2024-02-12 10:48:41', '2024-02-12 10:48:41'),
(306, 'eyJhbGciOiJIUzI1NiIsInR5cCI6IkpXVCJ9.eyJzdWIiOiJmZmEzYTY5MC04YzM2LTQ3ZjAtOWExOS0wMDllODEyZWY1ZWYiLCJpYXQiOjE3MDc3NDE4NzAsImV4cCI6MTcxMDMzMzg3MCwidHlwZSI6InJlZnJlc2gifQ.vT0GQewRfFBQUb8lfhVdAYNNBYJm78owCCDym64iDis', 'ffa3a690-8c36-47f0-9a19-009e812ef5ef', 'refresh', '2024-03-13 12:44:30', 0, '2024-02-12 12:44:30', '2024-02-12 12:44:30'),
(308, 'eyJhbGciOiJIUzI1NiIsInR5cCI6IkpXVCJ9.eyJzdWIiOiJjOTVjMDFiMi0yZmRhLTRhZjktYjJjNC1iNDk5OTNjNGE1NTAiLCJpYXQiOjE3MDc3NDE5NzUsImV4cCI6MTcxMDMzMzk3NSwidHlwZSI6InJlZnJlc2gifQ.rygLJUR_F_MMEOvBx9ii_FaqULTShLrsIAgAfuRyOIQ', 'c95c01b2-2fda-4af9-b2c4-b49993c4a550', 'refresh', '2024-03-13 12:46:15', 0, '2024-02-12 12:46:15', '2024-02-12 12:46:15'),
(310, 'eyJhbGciOiJIUzI1NiIsInR5cCI6IkpXVCJ9.eyJzdWIiOiI3NWUxMGM1ZC03NGUwLTQ5NmYtOWUzOC1lNmI1MTNiMWViMTciLCJpYXQiOjE3MDc3NDIwNDksImV4cCI6MTcxMDMzNDA0OSwidHlwZSI6InJlZnJlc2gifQ.lAvdbW25RyhJNJXLqGjo-6sdDb2SFMuhC07SS0aMGjc', '75e10c5d-74e0-496f-9e38-e6b513b1eb17', 'refresh', '2024-03-13 12:47:29', 0, '2024-02-12 12:47:29', '2024-02-12 12:47:29'),
(312, 'eyJhbGciOiJIUzI1NiIsInR5cCI6IkpXVCJ9.eyJzdWIiOiIxMzAzNTQ4Zi1iMjFlLTRkYmUtODk5My1jNGNlZjFlZTM2ZDAiLCJpYXQiOjE3MDc3NDI5MTQsImV4cCI6MTcxMDMzNDkxNCwidHlwZSI6InJlZnJlc2gifQ.MVivLKpNiGC8ehQEkvYSmvgwUBCTwbFnc7WG1bZqKa0', '1303548f-b21e-4dbe-8993-c4cef1ee36d0', 'refresh', '2024-03-13 13:01:54', 0, '2024-02-12 13:01:54', '2024-02-12 13:01:54'),
(314, 'eyJhbGciOiJIUzI1NiIsInR5cCI6IkpXVCJ9.eyJzdWIiOiIxMzAzNTQ4Zi1iMjFlLTRkYmUtODk5My1jNGNlZjFlZTM2ZDAiLCJpYXQiOjE3MDc4MDIyMjksImV4cCI6MTcxMDM5NDIyOSwidHlwZSI6InJlZnJlc2gifQ.RyR7mqRYhFhXEf38S9Qw2N82RJ1lzFSgKi9ur7UhxG4', '1303548f-b21e-4dbe-8993-c4cef1ee36d0', 'refresh', '2024-03-14 05:30:29', 0, '2024-02-13 05:30:29', '2024-02-13 05:30:29'),
(316, 'eyJhbGciOiJIUzI1NiIsInR5cCI6IkpXVCJ9.eyJzdWIiOiIxMzAzNTQ4Zi1iMjFlLTRkYmUtODk5My1jNGNlZjFlZTM2ZDAiLCJpYXQiOjE3MDc4MDI2MjAsImV4cCI6MTcxMDM5NDYyMCwidHlwZSI6InJlZnJlc2gifQ.4R-2r30FictGTVyJBmximlPzNMh0nML_o7PJW7SWUhY', '1303548f-b21e-4dbe-8993-c4cef1ee36d0', 'refresh', '2024-03-14 05:37:00', 0, '2024-02-13 05:37:00', '2024-02-13 05:37:00'),
(318, 'eyJhbGciOiJIUzI1NiIsInR5cCI6IkpXVCJ9.eyJzdWIiOiIxMzAzNTQ4Zi1iMjFlLTRkYmUtODk5My1jNGNlZjFlZTM2ZDAiLCJpYXQiOjE3MDc4MDM3NTcsImV4cCI6MTcxMDM5NTc1NywidHlwZSI6InJlZnJlc2gifQ.a8_IktdXVGXglP61zCexpRyC0_GI6o2qO1077BVgaSY', '1303548f-b21e-4dbe-8993-c4cef1ee36d0', 'refresh', '2024-03-14 05:55:57', 0, '2024-02-13 05:55:57', '2024-02-13 05:55:57');
INSERT INTO `tokens` (`id`, `token`, `user_uuid`, `type`, `expires`, `blacklisted`, `created_at`, `updated_at`) VALUES
(320, 'eyJhbGciOiJIUzI1NiIsInR5cCI6IkpXVCJ9.eyJzdWIiOiIxMzAzNTQ4Zi1iMjFlLTRkYmUtODk5My1jNGNlZjFlZTM2ZDAiLCJpYXQiOjE3MDc4MTIwMTUsImV4cCI6MTcxMDQwNDAxNSwidHlwZSI6InJlZnJlc2gifQ.re7uWebqr9RtTJMpYkvTHR3FF95LDRQ7z_2N-Q6ptcA', '1303548f-b21e-4dbe-8993-c4cef1ee36d0', 'refresh', '2024-03-14 08:13:35', 0, '2024-02-13 08:13:35', '2024-02-13 08:13:35'),
(322, 'eyJhbGciOiJIUzI1NiIsInR5cCI6IkpXVCJ9.eyJzdWIiOiIxMzAzNTQ4Zi1iMjFlLTRkYmUtODk5My1jNGNlZjFlZTM2ZDAiLCJpYXQiOjE3MDc4MTM4NjksImV4cCI6MTcxMDQwNTg2OSwidHlwZSI6InJlZnJlc2gifQ.hOS6NktrBS_HtTRv2NdIaz7e7NIX89NufDCct3v4Oow', '1303548f-b21e-4dbe-8993-c4cef1ee36d0', 'refresh', '2024-03-14 08:44:29', 0, '2024-02-13 08:44:29', '2024-02-13 08:44:29'),
(324, 'eyJhbGciOiJIUzI1NiIsInR5cCI6IkpXVCJ9.eyJzdWIiOiIxMzAzNTQ4Zi1iMjFlLTRkYmUtODk5My1jNGNlZjFlZTM2ZDAiLCJpYXQiOjE3MDc4MTM4NjksImV4cCI6MTcxMDQwNTg2OSwidHlwZSI6InJlZnJlc2gifQ.hOS6NktrBS_HtTRv2NdIaz7e7NIX89NufDCct3v4Oow', '1303548f-b21e-4dbe-8993-c4cef1ee36d0', 'refresh', '2024-03-14 08:44:29', 0, '2024-02-13 08:44:29', '2024-02-13 08:44:29'),
(326, 'eyJhbGciOiJIUzI1NiIsInR5cCI6IkpXVCJ9.eyJzdWIiOiIxZmZjZDRiZi01M2JhLTQ1MTAtYWI0Mi1lODMwYTAyMWMwY2YiLCJpYXQiOjE3MDc4MTcwMjAsImV4cCI6MTcxMDQwOTAyMCwidHlwZSI6InJlZnJlc2gifQ.w2HhSrAHOqmD-qDUkctXkjCnozcAtTlIqYR_e0R_gYg', '1ffcd4bf-53ba-4510-ab42-e830a021c0cf', 'refresh', '2024-03-14 09:37:00', 0, '2024-02-13 09:37:00', '2024-02-13 09:37:00'),
(328, 'eyJhbGciOiJIUzI1NiIsInR5cCI6IkpXVCJ9.eyJzdWIiOiIxMzAzNTQ4Zi1iMjFlLTRkYmUtODk5My1jNGNlZjFlZTM2ZDAiLCJpYXQiOjE3MDc4MTcwNzksImV4cCI6MTcxMDQwOTA3OSwidHlwZSI6InJlZnJlc2gifQ.xfi-X_fdodexXAFI2zEwvD6BsyBNKyLG-VD8oVWlheY', '1303548f-b21e-4dbe-8993-c4cef1ee36d0', 'refresh', '2024-03-14 09:37:59', 0, '2024-02-13 09:37:59', '2024-02-13 09:37:59'),
(330, 'eyJhbGciOiJIUzI1NiIsInR5cCI6IkpXVCJ9.eyJzdWIiOiI3YWFiOGJlNS04ZjBmLTQ1ODktOGYzYS1mOTVjZTBiZGFkY2UiLCJpYXQiOjE3MDc4MTcxMDcsImV4cCI6MTcxMDQwOTEwNywidHlwZSI6InJlZnJlc2gifQ.gjOnJqrweYGUEEM6rKbwM3egGHWuKhRmyrub7qqieLA', '7aab8be5-8f0f-4589-8f3a-f95ce0bdadce', 'refresh', '2024-03-14 09:38:27', 0, '2024-02-13 09:38:27', '2024-02-13 09:38:27'),
(332, 'eyJhbGciOiJIUzI1NiIsInR5cCI6IkpXVCJ9.eyJzdWIiOiJlZWU1OTMyOS0xODUxLTQ5MDktYTVkOS1kNDBlZDRkODhkMTUiLCJpYXQiOjE3MDc4MTcyMjEsImV4cCI6MTcxMDQwOTIyMSwidHlwZSI6InJlZnJlc2gifQ.ujIx8a3zIG0JzIszb_P3zkClvcRqG7jZOdAHYFPfk8U', 'eee59329-1851-4909-a5d9-d40ed4d88d15', 'refresh', '2024-03-14 09:40:21', 0, '2024-02-13 09:40:21', '2024-02-13 09:40:21'),
(334, 'eyJhbGciOiJIUzI1NiIsInR5cCI6IkpXVCJ9.eyJzdWIiOiIwODNiOGRiMi02N2ZjLTRkNzItOTZmMC04ZTYxZWIwZGRlMmIiLCJpYXQiOjE3MDc4MTcyNjEsImV4cCI6MTcxMDQwOTI2MSwidHlwZSI6InJlZnJlc2gifQ.VqA590T60eUMoSPsmoU6i6-3Ho1_2bvNu3cab9PGrxY', '083b8db2-67fc-4d72-96f0-8e61eb0dde2b', 'refresh', '2024-03-14 09:41:01', 0, '2024-02-13 09:41:01', '2024-02-13 09:41:01'),
(336, 'eyJhbGciOiJIUzI1NiIsInR5cCI6IkpXVCJ9.eyJzdWIiOiJkOTFiNTg3ZS1kODQyLTQ5MDYtOWM1OC1jNWIyMjc5YjIwNTAiLCJpYXQiOjE3MDc4MTczMDEsImV4cCI6MTcxMDQwOTMwMSwidHlwZSI6InJlZnJlc2gifQ.d653ychj1KzwADxCU_eQmE5siuOzBZOeBe3veQahat8', 'd91b587e-d842-4906-9c58-c5b2279b2050', 'refresh', '2024-03-14 09:41:41', 0, '2024-02-13 09:41:41', '2024-02-13 09:41:41'),
(338, 'eyJhbGciOiJIUzI1NiIsInR5cCI6IkpXVCJ9.eyJzdWIiOiIxMzAzNTQ4Zi1iMjFlLTRkYmUtODk5My1jNGNlZjFlZTM2ZDAiLCJpYXQiOjE3MDc4MTg0NDQsImV4cCI6MTcxMDQxMDQ0NCwidHlwZSI6InJlZnJlc2gifQ.XLOA2Jn7Iu9kxZT71_RVzsVfJ3TMgoZrKbWly2VipTU', '1303548f-b21e-4dbe-8993-c4cef1ee36d0', 'refresh', '2024-03-14 10:00:44', 0, '2024-02-13 10:00:44', '2024-02-13 10:00:44'),
(340, 'eyJhbGciOiJIUzI1NiIsInR5cCI6IkpXVCJ9.eyJzdWIiOiIxMzAzNTQ4Zi1iMjFlLTRkYmUtODk5My1jNGNlZjFlZTM2ZDAiLCJpYXQiOjE3MDc4MTg0NDYsImV4cCI6MTcxMDQxMDQ0NiwidHlwZSI6InJlZnJlc2gifQ.aiSqq9W1qBiBDSiHa-AnMZkG93NOb0CPH8_jisQV89c', '1303548f-b21e-4dbe-8993-c4cef1ee36d0', 'refresh', '2024-03-14 10:00:46', 0, '2024-02-13 10:00:46', '2024-02-13 10:00:46'),
(342, 'eyJhbGciOiJIUzI1NiIsInR5cCI6IkpXVCJ9.eyJzdWIiOiIxMzAzNTQ4Zi1iMjFlLTRkYmUtODk5My1jNGNlZjFlZTM2ZDAiLCJpYXQiOjE3MDc4MTkzMTIsImV4cCI6MTcxMDQxMTMxMiwidHlwZSI6InJlZnJlc2gifQ.zSEtOCS5GNAHNi4lyQj3Kktr6lVmEO_GcqQWqNp-1qE', '1303548f-b21e-4dbe-8993-c4cef1ee36d0', 'refresh', '2024-03-14 10:15:12', 0, '2024-02-13 10:15:12', '2024-02-13 10:15:12'),
(344, 'eyJhbGciOiJIUzI1NiIsInR5cCI6IkpXVCJ9.eyJzdWIiOiI2Nzg5OTQyOS05ZmZjLTRhM2YtYjIyZi0wYWRlODE1MjUxMGQiLCJpYXQiOjE3MDc4MTkzNTksImV4cCI6MTcxMDQxMTM1OSwidHlwZSI6InJlZnJlc2gifQ.WeAseIclLUx0IsJ7CqDOv0fpe-zYMq2zyMVaRxj-YiQ', '67899429-9ffc-4a3f-b22f-0ade8152510d', 'refresh', '2024-03-14 10:15:59', 0, '2024-02-13 10:15:59', '2024-02-13 10:15:59'),
(346, 'eyJhbGciOiJIUzI1NiIsInR5cCI6IkpXVCJ9.eyJzdWIiOiIwYjNiZTkxMC1kYTBiLTQ1NTctYjIwNC1lODk4MmIzNWQ5ZGIiLCJpYXQiOjE3MDc4MjA0MjYsImV4cCI6MTcxMDQxMjQyNiwidHlwZSI6InJlZnJlc2gifQ.hzY63j4phMoBPN8Tji361iUsV3ItodDtUh3oKV3FEZ8', '0b3be910-da0b-4557-b204-e8982b35d9db', 'refresh', '2024-03-14 10:33:46', 0, '2024-02-13 10:33:46', '2024-02-13 10:33:46'),
(348, 'eyJhbGciOiJIUzI1NiIsInR5cCI6IkpXVCJ9.eyJzdWIiOiJjY2FhOTZiZC1mMzhkLTRjNjYtOTk5NS1mMzJmYzg5MzA2MDYiLCJpYXQiOjE3MDc4MjA3OTEsImV4cCI6MTcxMDQxMjc5MSwidHlwZSI6InJlZnJlc2gifQ.l0_M7WgQONVTnZu0cM1a1Bkh7KbQ816mCtSHaZ5ISY0', 'ccaa96bd-f38d-4c66-9995-f32fc8930606', 'refresh', '2024-03-14 10:39:51', 0, '2024-02-13 10:39:51', '2024-02-13 10:39:51'),
(350, 'eyJhbGciOiJIUzI1NiIsInR5cCI6IkpXVCJ9.eyJzdWIiOiJhM2UwNGZlYy1iYjZiLTQ4MGItYmYyOS03YzY5ZDFjMDRiNTAiLCJpYXQiOjE3MDc4MjEwMDksImV4cCI6MTcxMDQxMzAwOSwidHlwZSI6InJlZnJlc2gifQ.PAenmZ0rpFgrdi_ii8n9h2ke84gIh4yxTZCZP77BzGc', 'a3e04fec-bb6b-480b-bf29-7c69d1c04b50', 'refresh', '2024-03-14 10:43:29', 0, '2024-02-13 10:43:29', '2024-02-13 10:43:29'),
(352, 'eyJhbGciOiJIUzI1NiIsInR5cCI6IkpXVCJ9.eyJzdWIiOiIwZDdjNzMwZS02MjhiLTRjM2UtOTRiMS1iZDU3ZTIzYzYxM2IiLCJpYXQiOjE3MDc4MjE1MzcsImV4cCI6MTcxMDQxMzUzNywidHlwZSI6InJlZnJlc2gifQ.ktJt5RbnCphOKuj512DIYSmdlMHkNW49i2pXOFc3vME', '0d7c730e-628b-4c3e-94b1-bd57e23c613b', 'refresh', '2024-03-14 10:52:17', 0, '2024-02-13 10:52:17', '2024-02-13 10:52:17'),
(354, 'eyJhbGciOiJIUzI1NiIsInR5cCI6IkpXVCJ9.eyJzdWIiOiJiOTA4NDAyZC1iYWNmLTRiNDMtYTcyMi0yYmZiNjQzODQ2MDAiLCJpYXQiOjE3MDc4MjE4MTQsImV4cCI6MTcxMDQxMzgxNCwidHlwZSI6InJlZnJlc2gifQ.Sa51Zp8rB-BYv_JscffBwa8U5Cz3bQM2s0vJSB1NQz0', 'b908402d-bacf-4b43-a722-2bfb64384600', 'refresh', '2024-03-14 10:56:54', 0, '2024-02-13 10:56:54', '2024-02-13 10:56:54'),
(356, 'eyJhbGciOiJIUzI1NiIsInR5cCI6IkpXVCJ9.eyJzdWIiOiIyZjIxZWEwMC1kNmJlLTRjYWYtYjcyNi0zYzY3N2Q3NjdlNTEiLCJpYXQiOjE3MDc4MjE4MzAsImV4cCI6MTcxMDQxMzgzMCwidHlwZSI6InJlZnJlc2gifQ.TrKOFfRap3EgXuGnrrW-WAMF1f8wDKMnve7MR7exq44', '2f21ea00-d6be-4caf-b726-3c677d767e51', 'refresh', '2024-03-14 10:57:10', 0, '2024-02-13 10:57:10', '2024-02-13 10:57:10'),
(358, 'eyJhbGciOiJIUzI1NiIsInR5cCI6IkpXVCJ9.eyJzdWIiOiJhMWY0ZDhjMS1mYjVjLTRlYTgtODM4YS05ZjNkZTgwYWEzYTYiLCJpYXQiOjE3MDc4MjI1NzcsImV4cCI6MTcxMDQxNDU3NywidHlwZSI6InJlZnJlc2gifQ.1Gb4uSz35zjq8JqfA2TdHPS7pSPYyoehl5J1Hr-jRwg', 'a1f4d8c1-fb5c-4ea8-838a-9f3de80aa3a6', 'refresh', '2024-03-14 11:09:37', 0, '2024-02-13 11:09:37', '2024-02-13 11:09:37'),
(360, 'eyJhbGciOiJIUzI1NiIsInR5cCI6IkpXVCJ9.eyJzdWIiOiJiNTlkYWUwMS04ZjcyLTRiZDEtYmE5Yi04Mjc1MDVmNDIzNDgiLCJpYXQiOjE3MDc4MjI2MDMsImV4cCI6MTcxMDQxNDYwMywidHlwZSI6InJlZnJlc2gifQ.QbyewAFArf9EL5miLEzJ-6F-1Ee0t9BXYDtK8Tqmpb8', 'b59dae01-8f72-4bd1-ba9b-827505f42348', 'refresh', '2024-03-14 11:10:03', 0, '2024-02-13 11:10:03', '2024-02-13 11:10:03'),
(362, 'eyJhbGciOiJIUzI1NiIsInR5cCI6IkpXVCJ9.eyJzdWIiOiIzM2Y2ZWM4MS03Mzk0LTRhYWEtODkwMi1mZTMyZGU0YzZmOWQiLCJpYXQiOjE3MDc4MjI2MzIsImV4cCI6MTcxMDQxNDYzMiwidHlwZSI6InJlZnJlc2gifQ.qD93GLtmjOHvRLMfqbRz645MaWIOZfm800lJuK8iSTk', '33f6ec81-7394-4aaa-8902-fe32de4c6f9d', 'refresh', '2024-03-14 11:10:32', 0, '2024-02-13 11:10:32', '2024-02-13 11:10:32'),
(364, 'eyJhbGciOiJIUzI1NiIsInR5cCI6IkpXVCJ9.eyJzdWIiOiIxMzAzNTQ4Zi1iMjFlLTRkYmUtODk5My1jNGNlZjFlZTM2ZDAiLCJpYXQiOjE3MDc4MjM2MjYsImV4cCI6MTcxMDQxNTYyNiwidHlwZSI6InJlZnJlc2gifQ.BAa-KJU7IRurfZl0nUiVqfheDS-FX_YKOFYpyDeDQ3I', '1303548f-b21e-4dbe-8993-c4cef1ee36d0', 'refresh', '2024-03-14 11:27:06', 0, '2024-02-13 11:27:06', '2024-02-13 11:27:06'),
(366, 'eyJhbGciOiJIUzI1NiIsInR5cCI6IkpXVCJ9.eyJzdWIiOiJkMGU5NThkMy02NDkyLTQzODYtYjZiYS0wZDIyY2I5NDk1YTAiLCJpYXQiOjE3MDc4MjM2NDIsImV4cCI6MTcxMDQxNTY0MiwidHlwZSI6InJlZnJlc2gifQ.l-2_8O9nmzeUzuCE2OK1xrE_IGNpgAqmiiQ4vkmOIA4', 'd0e958d3-6492-4386-b6ba-0d22cb9495a0', 'refresh', '2024-03-14 11:27:22', 0, '2024-02-13 11:27:22', '2024-02-13 11:27:22'),
(368, 'eyJhbGciOiJIUzI1NiIsInR5cCI6IkpXVCJ9.eyJzdWIiOiI3ODU1YjVmMS0xY2IyLTRmMDctYTk3Yy1lNWNkY2Q4ZDA2NGQiLCJpYXQiOjE3MDc4MjM2NjYsImV4cCI6MTcxMDQxNTY2NiwidHlwZSI6InJlZnJlc2gifQ.MEEnRvpf7jV4Fh8qPUyDyTJfvuu0ue74x1UXFI6Yf-Y', '7855b5f1-1cb2-4f07-a97c-e5cdcd8d064d', 'refresh', '2024-03-14 11:27:46', 0, '2024-02-13 11:27:46', '2024-02-13 11:27:46'),
(370, 'eyJhbGciOiJIUzI1NiIsInR5cCI6IkpXVCJ9.eyJzdWIiOiIyM2IwMGVhYi03M2E3LTQ4OWEtYTc2NS1mZTE3ZjYwMzlhMmEiLCJpYXQiOjE3MDc4MjM2ODMsImV4cCI6MTcxMDQxNTY4MywidHlwZSI6InJlZnJlc2gifQ.-JmVkUdDHqtqXy32j6qzHFik9F7l4K9aj3LrfGC2IMA', '23b00eab-73a7-489a-a765-fe17f6039a2a', 'refresh', '2024-03-14 11:28:03', 0, '2024-02-13 11:28:03', '2024-02-13 11:28:03'),
(372, 'eyJhbGciOiJIUzI1NiIsInR5cCI6IkpXVCJ9.eyJzdWIiOiI4NDA0MjFjYi01ZTc4LTQ2NjctYTQ5Yi1jNmY1ODkzNTQ4MzEiLCJpYXQiOjE3MDc4MjM2OTYsImV4cCI6MTcxMDQxNTY5NiwidHlwZSI6InJlZnJlc2gifQ.57ahmbfNkCnQ0wlhQsIG_BpJfGe6R83kcvLCrPnXeo0', '840421cb-5e78-4667-a49b-c6f589354831', 'refresh', '2024-03-14 11:28:16', 0, '2024-02-13 11:28:16', '2024-02-13 11:28:16'),
(374, 'eyJhbGciOiJIUzI1NiIsInR5cCI6IkpXVCJ9.eyJzdWIiOiIxMzAzNTQ4Zi1iMjFlLTRkYmUtODk5My1jNGNlZjFlZTM2ZDAiLCJpYXQiOjE3MDc4MjQ1MTEsImV4cCI6MTcxMDQxNjUxMSwidHlwZSI6InJlZnJlc2gifQ.qaTbS_SYJPBHHONTQ_q58ABjH2klc6odIjhxxGWjkYg', '1303548f-b21e-4dbe-8993-c4cef1ee36d0', 'refresh', '2024-03-14 11:41:51', 0, '2024-02-13 11:41:51', '2024-02-13 11:41:51'),
(376, 'eyJhbGciOiJIUzI1NiIsInR5cCI6IkpXVCJ9.eyJzdWIiOiIxMzAzNTQ4Zi1iMjFlLTRkYmUtODk5My1jNGNlZjFlZTM2ZDAiLCJpYXQiOjE3MDc4ODc5MTYsImV4cCI6MTcxMDQ3OTkxNiwidHlwZSI6InJlZnJlc2gifQ.pTSc9fNp_gwIdxYDlvajGQQBoTqaHHK2kQ09MrX6uEw', '1303548f-b21e-4dbe-8993-c4cef1ee36d0', 'refresh', '2024-03-15 05:18:36', 0, '2024-02-14 05:18:36', '2024-02-14 05:18:36'),
(378, 'eyJhbGciOiJIUzI1NiIsInR5cCI6IkpXVCJ9.eyJzdWIiOiJhM2E3ODNmMC00ZGFkLTQ3OWYtOTcwNy0yZDkxY2I3MGE4MGMiLCJpYXQiOjE3MDc4OTA1MDYsImV4cCI6MTcxMDQ4MjUwNiwidHlwZSI6InJlZnJlc2gifQ.ECrFMjPL9mNRDUuB_LDPoa7a0Q09mKe-eSAjTGQqHGQ', 'a3a783f0-4dad-479f-9707-2d91cb70a80c', 'refresh', '2024-03-15 06:01:46', 0, '2024-02-14 06:01:46', '2024-02-14 06:01:46'),
(380, 'eyJhbGciOiJIUzI1NiIsInR5cCI6IkpXVCJ9.eyJzdWIiOiIwMTAyM2Q1MS00ZTU2LTQzNDYtYTU3YS1hZmQyMmMxOTljYTEiLCJpYXQiOjE3MDc4OTA1MjYsImV4cCI6MTcxMDQ4MjUyNiwidHlwZSI6InJlZnJlc2gifQ.-OLUWdI2NNevFwhgt22IxchyP8zGEoE8Dn1pLSBK1NU', '01023d51-4e56-4346-a57a-afd22c199ca1', 'refresh', '2024-03-15 06:02:06', 0, '2024-02-14 06:02:06', '2024-02-14 06:02:06'),
(382, 'eyJhbGciOiJIUzI1NiIsInR5cCI6IkpXVCJ9.eyJzdWIiOiJiYjc2M2RjNy1iMDdiLTRlYzgtODg2MC02ZTZhOTgxMmY1YjUiLCJpYXQiOjE3MDc4OTA1NTAsImV4cCI6MTcxMDQ4MjU1MCwidHlwZSI6InJlZnJlc2gifQ.5se1YVwl2ev62uhC9X5mAn5EqZBXjfYshKu71dt92LU', 'bb763dc7-b07b-4ec8-8860-6e6a9812f5b5', 'refresh', '2024-03-15 06:02:30', 0, '2024-02-14 06:02:30', '2024-02-14 06:02:30'),
(384, 'eyJhbGciOiJIUzI1NiIsInR5cCI6IkpXVCJ9.eyJzdWIiOiI1Mjg2M2NmMy1iN2I1LTRjODMtOTBmMi02OGY4YjYwZmM2ZjAiLCJpYXQiOjE3MDc4OTY4OTYsImV4cCI6MTcxMDQ4ODg5NiwidHlwZSI6InJlZnJlc2gifQ.FdCU4FIDQwH41iHLam86utoy0FijLo5zk7mb2-j6euA', '52863cf3-b7b5-4c83-90f2-68f8b60fc6f0', 'refresh', '2024-03-15 07:48:16', 0, '2024-02-14 07:48:16', '2024-02-14 07:48:16'),
(386, 'eyJhbGciOiJIUzI1NiIsInR5cCI6IkpXVCJ9.eyJzdWIiOiIxMzAzNTQ4Zi1iMjFlLTRkYmUtODk5My1jNGNlZjFlZTM2ZDAiLCJpYXQiOjE3MDc5MDM2NjUsImV4cCI6MTcxMDQ5NTY2NSwidHlwZSI6InJlZnJlc2gifQ.lfWH4JJptma5XFIdC-pXyo0VnFFx9YwNo65aatF5Otk', '1303548f-b21e-4dbe-8993-c4cef1ee36d0', 'refresh', '2024-03-15 09:41:05', 0, '2024-02-14 09:41:05', '2024-02-14 09:41:05'),
(388, 'eyJhbGciOiJIUzI1NiIsInR5cCI6IkpXVCJ9.eyJzdWIiOiI4NTgwZjUxOC05NTMzLTQ3MjAtYjI5MS00YjA1ZTk4ZTA4ODEiLCJpYXQiOjE3MDc5MDQ4NDcsImV4cCI6MTcxMDQ5Njg0NywidHlwZSI6InJlZnJlc2gifQ.X5IEa6p-iie9yLQJkfkR30n9y1uRGFQ-rsQyeXi-d9w', '8580f518-9533-4720-b291-4b05e98e0881', 'refresh', '2024-03-15 10:00:47', 0, '2024-02-14 10:00:47', '2024-02-14 10:00:47'),
(390, 'eyJhbGciOiJIUzI1NiIsInR5cCI6IkpXVCJ9.eyJzdWIiOiJiNjI5ZGFkZi02NjY0LTQ0MDAtOTAwZS0yZGEzM2U4NzZmN2MiLCJpYXQiOjE3MDc5MDQ5NDksImV4cCI6MTcxMDQ5Njk0OSwidHlwZSI6InJlZnJlc2gifQ.6GpHpjPeBICQoL4KHeBFAdUkshslNr35xONpIMJlqhg', 'b629dadf-6664-4400-900e-2da33e876f7c', 'refresh', '2024-03-15 10:02:29', 0, '2024-02-14 10:02:29', '2024-02-14 10:02:29'),
(392, 'eyJhbGciOiJIUzI1NiIsInR5cCI6IkpXVCJ9.eyJzdWIiOiJiNTIwOGJhNy00MTM4LTQ5NDAtYTNhNy1jMjRjZTcwNDRlYmMiLCJpYXQiOjE3MDc5MDQ5NzEsImV4cCI6MTcxMDQ5Njk3MSwidHlwZSI6InJlZnJlc2gifQ.3AsqA4IL4tAq2bT23-wqt5EMDlbqVtXG6Liizap9Nz0', 'b5208ba7-4138-4940-a3a7-c24ce7044ebc', 'refresh', '2024-03-15 10:02:51', 0, '2024-02-14 10:02:51', '2024-02-14 10:02:51'),
(394, 'eyJhbGciOiJIUzI1NiIsInR5cCI6IkpXVCJ9.eyJzdWIiOiI4NTgwZjUxOC05NTMzLTQ3MjAtYjI5MS00YjA1ZTk4ZTA4ODEiLCJpYXQiOjE3MDc5MDk5NjMsImV4cCI6MTcxMDUwMTk2MywidHlwZSI6InJlZnJlc2gifQ.kH-4iQYx2Pj_adOiIbdH5nsvX9_t-Hq1WG918lTN8so', '8580f518-9533-4720-b291-4b05e98e0881', 'refresh', '2024-03-15 11:26:03', 0, '2024-02-14 11:26:03', '2024-02-14 11:26:03'),
(396, 'eyJhbGciOiJIUzI1NiIsInR5cCI6IkpXVCJ9.eyJzdWIiOiJjMDYzMjkyZi04ZTE1LTRiMzYtYWU5MC1mZjQ3ZmI3Y2NjZTMiLCJpYXQiOjE3MDc5MTAwNjQsImV4cCI6MTcxMDUwMjA2NCwidHlwZSI6InJlZnJlc2gifQ.pF0B1LVpqADeIfnhyw6fBvcJ7xUUnfOHFgsZu-vlZcQ', 'c063292f-8e15-4b36-ae90-ff47fb7ccce3', 'refresh', '2024-03-15 11:27:44', 0, '2024-02-14 11:27:44', '2024-02-14 11:27:44'),
(398, 'eyJhbGciOiJIUzI1NiIsInR5cCI6IkpXVCJ9.eyJzdWIiOiI4NTgwZjUxOC05NTMzLTQ3MjAtYjI5MS00YjA1ZTk4ZTA4ODEiLCJpYXQiOjE3MDc5MTA1MjksImV4cCI6MTcxMDUwMjUyOSwidHlwZSI6InJlZnJlc2gifQ.B_KNcBIYbXcqe4Du6yazH0nowhwzJ-8aM-m6RPWVY-s', '8580f518-9533-4720-b291-4b05e98e0881', 'refresh', '2024-03-15 11:35:29', 0, '2024-02-14 11:35:29', '2024-02-14 11:35:29'),
(400, 'eyJhbGciOiJIUzI1NiIsInR5cCI6IkpXVCJ9.eyJzdWIiOiI4NTgwZjUxOC05NTMzLTQ3MjAtYjI5MS00YjA1ZTk4ZTA4ODEiLCJpYXQiOjE3MDc5MTA1MjksImV4cCI6MTcxMDUwMjUyOSwidHlwZSI6InJlZnJlc2gifQ.B_KNcBIYbXcqe4Du6yazH0nowhwzJ-8aM-m6RPWVY-s', '8580f518-9533-4720-b291-4b05e98e0881', 'refresh', '2024-03-15 11:35:29', 0, '2024-02-14 11:35:29', '2024-02-14 11:35:29'),
(402, 'eyJhbGciOiJIUzI1NiIsInR5cCI6IkpXVCJ9.eyJzdWIiOiI4NTgwZjUxOC05NTMzLTQ3MjAtYjI5MS00YjA1ZTk4ZTA4ODEiLCJpYXQiOjE3MDc5MTE0MzUsImV4cCI6MTcxMDUwMzQzNSwidHlwZSI6InJlZnJlc2gifQ.iC64nFBoeCIPs_pOkUEkp58dt8yRMXpaP8WIlKPo-CA', '8580f518-9533-4720-b291-4b05e98e0881', 'refresh', '2024-03-15 11:50:35', 0, '2024-02-14 11:50:35', '2024-02-14 11:50:35'),
(404, 'eyJhbGciOiJIUzI1NiIsInR5cCI6IkpXVCJ9.eyJzdWIiOiI4NTgwZjUxOC05NTMzLTQ3MjAtYjI5MS00YjA1ZTk4ZTA4ODEiLCJpYXQiOjE3MDc5MTE3NjksImV4cCI6MTcxMDUwMzc2OSwidHlwZSI6InJlZnJlc2gifQ.BANRjJHUq73T15XFCgiawF8exs_-AXCnuTna4SYm0sY', '8580f518-9533-4720-b291-4b05e98e0881', 'refresh', '2024-03-15 11:56:09', 0, '2024-02-14 11:56:09', '2024-02-14 11:56:09'),
(406, 'eyJhbGciOiJIUzI1NiIsInR5cCI6IkpXVCJ9.eyJzdWIiOiJjMDYzMjkyZi04ZTE1LTRiMzYtYWU5MC1mZjQ3ZmI3Y2NjZTMiLCJpYXQiOjE3MDc5MTI4NTYsImV4cCI6MTcxMDUwNDg1NiwidHlwZSI6InJlZnJlc2gifQ.ZqGRWEwMrxuCHlrZ4BQJEsaPhESnjZzx-YVVSFKa-Tw', 'c063292f-8e15-4b36-ae90-ff47fb7ccce3', 'refresh', '2024-03-15 12:14:16', 0, '2024-02-14 12:14:16', '2024-02-14 12:14:16'),
(408, 'eyJhbGciOiJIUzI1NiIsInR5cCI6IkpXVCJ9.eyJzdWIiOiJjMDYzMjkyZi04ZTE1LTRiMzYtYWU5MC1mZjQ3ZmI3Y2NjZTMiLCJpYXQiOjE3MDc5MTI4NjEsImV4cCI6MTcxMDUwNDg2MSwidHlwZSI6InJlZnJlc2gifQ.FiCLVJJNkfJIRBViDl2Z7Mfbs6ik-0tmwZL4PbM4hQM', 'c063292f-8e15-4b36-ae90-ff47fb7ccce3', 'refresh', '2024-03-15 12:14:21', 0, '2024-02-14 12:14:21', '2024-02-14 12:14:21'),
(410, 'eyJhbGciOiJIUzI1NiIsInR5cCI6IkpXVCJ9.eyJzdWIiOiJjMDYzMjkyZi04ZTE1LTRiMzYtYWU5MC1mZjQ3ZmI3Y2NjZTMiLCJpYXQiOjE3MDc5MTI5NDksImV4cCI6MTcxMDUwNDk0OSwidHlwZSI6InJlZnJlc2gifQ.Em2diwqLE_5eQIcuMf8oup5-nDbEkkuT5kCqZ7_u-fI', 'c063292f-8e15-4b36-ae90-ff47fb7ccce3', 'refresh', '2024-03-15 12:15:49', 0, '2024-02-14 12:15:49', '2024-02-14 12:15:49'),
(412, 'eyJhbGciOiJIUzI1NiIsInR5cCI6IkpXVCJ9.eyJzdWIiOiIxMzAzNTQ4Zi1iMjFlLTRkYmUtODk5My1jNGNlZjFlZTM2ZDAiLCJpYXQiOjE3MDc5NzQ1NTAsImV4cCI6MTcxMDU2NjU1MCwidHlwZSI6InJlZnJlc2gifQ.HogvD0OELv_VBlvP4sHs2lDKwhvfH7JWis-NlkmZyQI', '1303548f-b21e-4dbe-8993-c4cef1ee36d0', 'refresh', '2024-03-16 05:22:30', 0, '2024-02-15 05:22:30', '2024-02-15 05:22:30'),
(414, 'eyJhbGciOiJIUzI1NiIsInR5cCI6IkpXVCJ9.eyJzdWIiOiIyNWM3MjNjZC00YTc1LTQyZGEtYWI1Ni05NWI0MGM0NGU3M2MiLCJpYXQiOjE3MDc5NzQ5NDcsImV4cCI6MTcxMDU2Njk0NywidHlwZSI6InJlZnJlc2gifQ.EykwFsWbtnNIwGmQE-ZKB83zZOBTO_E7svTeLDC7Qzs', '25c723cd-4a75-42da-ab56-95b40c44e73c', 'refresh', '2024-03-16 05:29:07', 0, '2024-02-15 05:29:07', '2024-02-15 05:29:07'),
(416, 'eyJhbGciOiJIUzI1NiIsInR5cCI6IkpXVCJ9.eyJzdWIiOiI2MDZjYzc5NC0yNzI4LTQzNzAtOTNiMC1kYTBiNGZiYThhZGMiLCJpYXQiOjE3MDc5NzQ5NzYsImV4cCI6MTcxMDU2Njk3NiwidHlwZSI6InJlZnJlc2gifQ.ZniM8cfyTT1Irv5kAsMBigPLt2DNunSmSNMPf8BE27M', '606cc794-2728-4370-93b0-da0b4fba8adc', 'refresh', '2024-03-16 05:29:36', 0, '2024-02-15 05:29:36', '2024-02-15 05:29:36'),
(418, 'eyJhbGciOiJIUzI1NiIsInR5cCI6IkpXVCJ9.eyJzdWIiOiJkMjNlMzEzMy03MTU2LTQxMzAtYjc5ZS01OGUyZDQ1ZDA3NTAiLCJpYXQiOjE3MDc5OTAxNjgsImV4cCI6MTcxMDU4MjE2OCwidHlwZSI6InJlZnJlc2gifQ.uBQH7dT0CEmVg-Ouj0gxDoBhym0jYCKojqAqg975noQ', 'd23e3133-7156-4130-b79e-58e2d45d0750', 'refresh', '2024-03-16 09:42:48', 0, '2024-02-15 09:42:48', '2024-02-15 09:42:48'),
(420, 'eyJhbGciOiJIUzI1NiIsInR5cCI6IkpXVCJ9.eyJzdWIiOiI5YjZkMWMyYy04YTNlLTRlM2EtYWMxZi01NTE2M2MzMjczNWYiLCJpYXQiOjE3MDc5OTAxODMsImV4cCI6MTcxMDU4MjE4MywidHlwZSI6InJlZnJlc2gifQ.3sZ2xkCEgXPZyld3k53nVwlL6LQTjQ3tuLGzzZj5IkI', '9b6d1c2c-8a3e-4e3a-ac1f-55163c32735f', 'refresh', '2024-03-16 09:43:03', 0, '2024-02-15 09:43:03', '2024-02-15 09:43:03'),
(422, 'eyJhbGciOiJIUzI1NiIsInR5cCI6IkpXVCJ9.eyJzdWIiOiI4NzAzMzA0OC0yZmU1LTQ0ZjgtYTJkOC0xYzhmZWY2YzM5ODQiLCJpYXQiOjE3MDc5OTAyMDEsImV4cCI6MTcxMDU4MjIwMSwidHlwZSI6InJlZnJlc2gifQ.7rTB0G5vEVIaszjlueY6KX7QV7KxY4gP7i1dU_gwGYs', '87033048-2fe5-44f8-a2d8-1c8fef6c3984', 'refresh', '2024-03-16 09:43:21', 0, '2024-02-15 09:43:21', '2024-02-15 09:43:21'),
(424, 'eyJhbGciOiJIUzI1NiIsInR5cCI6IkpXVCJ9.eyJzdWIiOiJiZTI1NDI5My02YjA2LTQ2NzctYTljOS1lMDhiNzg3OTc3MDYiLCJpYXQiOjE3MDc5OTAyMjgsImV4cCI6MTcxMDU4MjIyOCwidHlwZSI6InJlZnJlc2gifQ.phxMywX_DUiw122linMKuOGrN1JI-i27QWNOcQO-SrY', 'be254293-6b06-4677-a9c9-e08b78797706', 'refresh', '2024-03-16 09:43:48', 0, '2024-02-15 09:43:48', '2024-02-15 09:43:48'),
(426, 'eyJhbGciOiJIUzI1NiIsInR5cCI6IkpXVCJ9.eyJzdWIiOiIxMzAzNTQ4Zi1iMjFlLTRkYmUtODk5My1jNGNlZjFlZTM2ZDAiLCJpYXQiOjE3MDgwMDA3NjYsImV4cCI6MTcxMDU5Mjc2NiwidHlwZSI6InJlZnJlc2gifQ.XntLPVluOOUI_Lnl-I62x-fvXVK2f4kc0QDkHTUUTq4', '1303548f-b21e-4dbe-8993-c4cef1ee36d0', 'refresh', '2024-03-16 12:39:26', 0, '2024-02-15 12:39:26', '2024-02-15 12:39:26'),
(428, 'eyJhbGciOiJIUzI1NiIsInR5cCI6IkpXVCJ9.eyJzdWIiOiIxMzAzNTQ4Zi1iMjFlLTRkYmUtODk5My1jNGNlZjFlZTM2ZDAiLCJpYXQiOjE3MDgwMDEzNDQsImV4cCI6MTcxMDU5MzM0NCwidHlwZSI6InJlZnJlc2gifQ.DYU85MD6HxeyDZJ0ShcjL2_ismEIgpFmRqIR_lJHWhU', '1303548f-b21e-4dbe-8993-c4cef1ee36d0', 'refresh', '2024-03-16 12:49:04', 0, '2024-02-15 12:49:04', '2024-02-15 12:49:04'),
(430, 'eyJhbGciOiJIUzI1NiIsInR5cCI6IkpXVCJ9.eyJzdWIiOiIxMzAzNTQ4Zi1iMjFlLTRkYmUtODk5My1jNGNlZjFlZTM2ZDAiLCJpYXQiOjE3MDgwMDIwMDIsImV4cCI6MTcxMDU5NDAwMiwidHlwZSI6InJlZnJlc2gifQ.42Cjl4ZmBqmET3pU5nVgJuyct51JF94g_q9L0H-wtuU', '1303548f-b21e-4dbe-8993-c4cef1ee36d0', 'refresh', '2024-03-16 13:00:02', 0, '2024-02-15 13:00:02', '2024-02-15 13:00:02'),
(432, 'eyJhbGciOiJIUzI1NiIsInR5cCI6IkpXVCJ9.eyJzdWIiOiIxMzAzNTQ4Zi1iMjFlLTRkYmUtODk5My1jNGNlZjFlZTM2ZDAiLCJpYXQiOjE3MDgwNjA4NzksImV4cCI6MTcxMDY1Mjg3OSwidHlwZSI6InJlZnJlc2gifQ.GdBggMkv_7_XGZzIPDS840j9ZwxO_bsVNCIjjzC_vN8', '1303548f-b21e-4dbe-8993-c4cef1ee36d0', 'refresh', '2024-03-17 05:21:19', 0, '2024-02-16 05:21:19', '2024-02-16 05:21:19'),
(434, 'eyJhbGciOiJIUzI1NiIsInR5cCI6IkpXVCJ9.eyJzdWIiOiIxMzAzNTQ4Zi1iMjFlLTRkYmUtODk5My1jNGNlZjFlZTM2ZDAiLCJpYXQiOjE3MDgwNjM3ODYsImV4cCI6MTcxMDY1NTc4NiwidHlwZSI6InJlZnJlc2gifQ.jFu3B26ei8-41d7SayN2og4ISKWUhaH7o5E-ySFvmoY', '1303548f-b21e-4dbe-8993-c4cef1ee36d0', 'refresh', '2024-03-17 06:09:46', 0, '2024-02-16 06:09:46', '2024-02-16 06:09:46'),
(436, 'eyJhbGciOiJIUzI1NiIsInR5cCI6IkpXVCJ9.eyJzdWIiOiIxMzAzNTQ4Zi1iMjFlLTRkYmUtODk5My1jNGNlZjFlZTM2ZDAiLCJpYXQiOjE3MDgwNzA5NjYsImV4cCI6MTcxMDY2Mjk2NiwidHlwZSI6InJlZnJlc2gifQ.TbKF2LApadX_V9_ILPvZeSAttHN1khxVAMqK6RoDXwc', '1303548f-b21e-4dbe-8993-c4cef1ee36d0', 'refresh', '2024-03-17 08:09:26', 0, '2024-02-16 08:09:26', '2024-02-16 08:09:26'),
(438, 'eyJhbGciOiJIUzI1NiIsInR5cCI6IkpXVCJ9.eyJzdWIiOiIxMzAzNTQ4Zi1iMjFlLTRkYmUtODk5My1jNGNlZjFlZTM2ZDAiLCJpYXQiOjE3MDgwODM4NjIsImV4cCI6MTcxMDY3NTg2MiwidHlwZSI6InJlZnJlc2gifQ.oMVUg_ANz7l-1adnfh6rEOboOibHwF_E9wCGIKvyQOo', '1303548f-b21e-4dbe-8993-c4cef1ee36d0', 'refresh', '2024-03-17 11:44:22', 0, '2024-02-16 11:44:22', '2024-02-16 11:44:22'),
(440, 'eyJhbGciOiJIUzI1NiIsInR5cCI6IkpXVCJ9.eyJzdWIiOiIxMzAzNTQ4Zi1iMjFlLTRkYmUtODk5My1jNGNlZjFlZTM2ZDAiLCJpYXQiOjE3MDgwODU3NzYsImV4cCI6MTcxMDY3Nzc3NiwidHlwZSI6InJlZnJlc2gifQ.OJY7PGVsYTgQVGmk-qDYJfsm2GWeK1Umm31KB6d8ZSk', '1303548f-b21e-4dbe-8993-c4cef1ee36d0', 'refresh', '2024-03-17 12:16:16', 0, '2024-02-16 12:16:16', '2024-02-16 12:16:16'),
(442, 'eyJhbGciOiJIUzI1NiIsInR5cCI6IkpXVCJ9.eyJzdWIiOiIxMzAzNTQ4Zi1iMjFlLTRkYmUtODk5My1jNGNlZjFlZTM2ZDAiLCJpYXQiOjE3MDgzMjUzNDEsImV4cCI6MTcxMDkxNzM0MSwidHlwZSI6InJlZnJlc2gifQ.MciRu3-RixN5c-zJ1380rUCH7ShDgpIZzbc190b9GLg', '1303548f-b21e-4dbe-8993-c4cef1ee36d0', 'refresh', '2024-03-20 06:49:01', 0, '2024-02-19 06:49:01', '2024-02-19 06:49:01'),
(444, 'eyJhbGciOiJIUzI1NiIsInR5cCI6IkpXVCJ9.eyJzdWIiOiJmZjI5OTQzZS1kYmZkLTRmZmItOTA3Mi01ODhmMTA4NDViNzQiLCJpYXQiOjE3MDgzMjUzOTcsImV4cCI6MTcxMDkxNzM5NywidHlwZSI6InJlZnJlc2gifQ.PSP1XFqEm22tm_JwxyTh9n5yQs-LMdDWEw_R8RdoFNw', 'ff29943e-dbfd-4ffb-9072-588f10845b74', 'refresh', '2024-03-20 06:49:57', 0, '2024-02-19 06:49:57', '2024-02-19 06:49:57'),
(446, 'eyJhbGciOiJIUzI1NiIsInR5cCI6IkpXVCJ9.eyJzdWIiOiIxMzAzNTQ4Zi1iMjFlLTRkYmUtODk5My1jNGNlZjFlZTM2ZDAiLCJpYXQiOjE3MDgzNDIwMjYsImV4cCI6MTcxMDkzNDAyNiwidHlwZSI6InJlZnJlc2gifQ.9kgTliasQ-WWgLpljGrBZkNzWZQmYptXJb9M5W5OhPw', '1303548f-b21e-4dbe-8993-c4cef1ee36d0', 'refresh', '2024-03-20 11:27:06', 0, '2024-02-19 11:27:06', '2024-02-19 11:27:06'),
(448, 'eyJhbGciOiJIUzI1NiIsInR5cCI6IkpXVCJ9.eyJzdWIiOiIxMzAzNTQ4Zi1iMjFlLTRkYmUtODk5My1jNGNlZjFlZTM2ZDAiLCJpYXQiOjE3MDgzNDk3MDIsImV4cCI6MTcxMDk0MTcwMiwidHlwZSI6InJlZnJlc2gifQ.ptJENVYP1bamHH90pcjNERn8dcooRu9Tc_WV6lDsgu4', '1303548f-b21e-4dbe-8993-c4cef1ee36d0', 'refresh', '2024-03-20 13:35:02', 0, '2024-02-19 13:35:02', '2024-02-19 13:35:02'),
(450, 'eyJhbGciOiJIUzI1NiIsInR5cCI6IkpXVCJ9.eyJzdWIiOiJmZjI5OTQzZS1kYmZkLTRmZmItOTA3Mi01ODhmMTA4NDViNzQiLCJpYXQiOjE3MDg0MjQ0NjMsImV4cCI6MTcxMTAxNjQ2MywidHlwZSI6InJlZnJlc2gifQ.p1LuhjJbFM7suA-bjx5z2PR1vH0-iCI-tU5ktWb0KXM', 'ff29943e-dbfd-4ffb-9072-588f10845b74', 'refresh', '2024-03-21 10:21:03', 0, '2024-02-20 10:21:03', '2024-02-20 10:21:03'),
(452, 'eyJhbGciOiJIUzI1NiIsInR5cCI6IkpXVCJ9.eyJzdWIiOiJmZjI5OTQzZS1kYmZkLTRmZmItOTA3Mi01ODhmMTA4NDViNzQiLCJpYXQiOjE3MDg0OTM1NDUsImV4cCI6MTcxMTA4NTU0NSwidHlwZSI6InJlZnJlc2gifQ.GtJf3XmUtU0KcMiSuISnCudRWPWintfQuuswgedkcic', 'ff29943e-dbfd-4ffb-9072-588f10845b74', 'refresh', '2024-03-22 05:32:25', 0, '2024-02-21 05:32:25', '2024-02-21 05:32:25'),
(454, 'eyJhbGciOiJIUzI1NiIsInR5cCI6IkpXVCJ9.eyJzdWIiOiJmZjI5OTQzZS1kYmZkLTRmZmItOTA3Mi01ODhmMTA4NDViNzQiLCJpYXQiOjE3MDg1MDE5MDQsImV4cCI6MTcxMTA5MzkwNCwidHlwZSI6InJlZnJlc2gifQ.kfMSfRNN-SOvELVEQA0Gr_g4CKVnfaP4AnGFSxJAh4Q', 'ff29943e-dbfd-4ffb-9072-588f10845b74', 'refresh', '2024-03-22 07:51:44', 0, '2024-02-21 07:51:44', '2024-02-21 07:51:44'),
(456, 'eyJhbGciOiJIUzI1NiIsInR5cCI6IkpXVCJ9.eyJzdWIiOiJmZjI5OTQzZS1kYmZkLTRmZmItOTA3Mi01ODhmMTA4NDViNzQiLCJpYXQiOjE3MDg1MDU3MzIsImV4cCI6MTcxMTA5NzczMiwidHlwZSI6InJlZnJlc2gifQ.k5gSp05TWOmI6toFXfCSIb6cGGCJlft-SnWoQMTr0AA', 'ff29943e-dbfd-4ffb-9072-588f10845b74', 'refresh', '2024-03-22 08:55:32', 0, '2024-02-21 08:55:32', '2024-02-21 08:55:32'),
(458, 'eyJhbGciOiJIUzI1NiIsInR5cCI6IkpXVCJ9.eyJzdWIiOiJmZjI5OTQzZS1kYmZkLTRmZmItOTA3Mi01ODhmMTA4NDViNzQiLCJpYXQiOjE3MDg1MTI2NTgsImV4cCI6MTcxMTEwNDY1OCwidHlwZSI6InJlZnJlc2gifQ.jWMn2EOD_3mRBOpez21V2ikerh6ILKie638z2CX2SxY', 'ff29943e-dbfd-4ffb-9072-588f10845b74', 'refresh', '2024-03-22 10:50:58', 0, '2024-02-21 10:50:58', '2024-02-21 10:50:58'),
(460, 'eyJhbGciOiJIUzI1NiIsInR5cCI6IkpXVCJ9.eyJzdWIiOiJmZjI5OTQzZS1kYmZkLTRmZmItOTA3Mi01ODhmMTA4NDViNzQiLCJpYXQiOjE3MDg1MTU2NzEsImV4cCI6MTcxMTEwNzY3MSwidHlwZSI6InJlZnJlc2gifQ.86FgXAlZ9ZeQsnZRAMhMwFGSMtlLSWlngYFseREuaIg', 'ff29943e-dbfd-4ffb-9072-588f10845b74', 'refresh', '2024-03-22 11:41:11', 0, '2024-02-21 11:41:11', '2024-02-21 11:41:11'),
(462, 'eyJhbGciOiJIUzI1NiIsInR5cCI6IkpXVCJ9.eyJzdWIiOiIxMzAzNTQ4Zi1iMjFlLTRkYmUtODk5My1jNGNlZjFlZTM2ZDAiLCJpYXQiOjE3MDg1MjI0NzksImV4cCI6MTcxMTExNDQ3OSwidHlwZSI6InJlZnJlc2gifQ.KSejBOI0O-Vi5HgHWqE5CAgG0W_JsVsx526HDhLoT4M', '1303548f-b21e-4dbe-8993-c4cef1ee36d0', 'refresh', '2024-03-22 13:34:39', 0, '2024-02-21 13:34:39', '2024-02-21 13:34:39'),
(464, 'eyJhbGciOiJIUzI1NiIsInR5cCI6IkpXVCJ9.eyJzdWIiOiIxMzAzNTQ4Zi1iMjFlLTRkYmUtODk5My1jNGNlZjFlZTM2ZDAiLCJpYXQiOjE3MDg5MjU3MjgsImV4cCI6MTcxMTUxNzcyOCwidHlwZSI6InJlZnJlc2gifQ.Nbfi-yDmtTJ43uthWnZkRrG27nYbJRtrMCERJuZZXkU', '1303548f-b21e-4dbe-8993-c4cef1ee36d0', 'refresh', '2024-03-27 05:35:28', 0, '2024-02-26 05:35:28', '2024-02-26 05:35:28'),
(466, 'eyJhbGciOiJIUzI1NiIsInR5cCI6IkpXVCJ9.eyJzdWIiOiI1YTk3ZWZjMi1jMzI0LTRlMzUtODFmZC1mZGY2MDE2NDI0YTAiLCJpYXQiOjE3MDg5MjU3NTEsImV4cCI6MTcxMTUxNzc1MSwidHlwZSI6InJlZnJlc2gifQ.MiyFuEn2bRODOdbaj0eqGXk_9YMKMtgcA9_obLxKTqo', '5a97efc2-c324-4e35-81fd-fdf6016424a0', 'refresh', '2024-03-27 05:35:51', 0, '2024-02-26 05:35:51', '2024-02-26 05:35:51'),
(468, 'eyJhbGciOiJIUzI1NiIsInR5cCI6IkpXVCJ9.eyJzdWIiOiJiNWE3ODExNS1kYjg0LTQyOGItYTZhNy03MWM1Y2EyODEyNGUiLCJpYXQiOjE3MDg5NDcwNzcsImV4cCI6MTcxMTUzOTA3NywidHlwZSI6InJlZnJlc2gifQ.2QSm2AWCZqDLJ2w4K5qA01aP9hUh7obiF7T9fkLF7AY', 'b5a78115-db84-428b-a6a7-71c5ca28124e', 'refresh', '2024-03-27 11:31:17', 0, '2024-02-26 11:31:17', '2024-02-26 11:31:17'),
(470, 'eyJhbGciOiJIUzI1NiIsInR5cCI6IkpXVCJ9.eyJzdWIiOiJkODAyYjkwNC03YmEzLTQxMzctYjRkMy1jOTk5ODlhOWQ2MzgiLCJpYXQiOjE3MDg5NDg3MzksImV4cCI6MTcxMTU0MDczOSwidHlwZSI6InJlZnJlc2gifQ.Io2fydbvvAko9xKDj6orN651jEdsilBxzKEuLc75ixs', 'd802b904-7ba3-4137-b4d3-c99989a9d638', 'refresh', '2024-03-27 11:58:59', 0, '2024-02-26 11:58:59', '2024-02-26 11:58:59'),
(472, 'eyJhbGciOiJIUzI1NiIsInR5cCI6IkpXVCJ9.eyJzdWIiOiJhN2I2ZDk5Ny0zMWI5LTQzZjEtOTczZC02MjFhZDBkNDI1ZjMiLCJpYXQiOjE3MDg5NDg3NTksImV4cCI6MTcxMTU0MDc1OSwidHlwZSI6InJlZnJlc2gifQ.k58HVtJ71vnsEfr0fBIL1HgEkDmmutp7R1TxITL92c0', 'a7b6d997-31b9-43f1-973d-621ad0d425f3', 'refresh', '2024-03-27 11:59:19', 0, '2024-02-26 11:59:19', '2024-02-26 11:59:19'),
(474, 'eyJhbGciOiJIUzI1NiIsInR5cCI6IkpXVCJ9.eyJzdWIiOiI4OGQ4NGQ1Ny0zM2I4LTQ4ZjMtYTc1Ny1lMjVlNzU4NWNlODYiLCJpYXQiOjE3MDg5NDg3OTYsImV4cCI6MTcxMTU0MDc5NiwidHlwZSI6InJlZnJlc2gifQ.OmrmPY-31w85eTy486A2xQov9i7fczKNkEe2tR6rV3w', '88d84d57-33b8-48f3-a757-e25e7585ce86', 'refresh', '2024-03-27 11:59:56', 0, '2024-02-26 11:59:56', '2024-02-26 11:59:56'),
(476, 'eyJhbGciOiJIUzI1NiIsInR5cCI6IkpXVCJ9.eyJzdWIiOiI1ZmE1NGEyNS0wMjYxLTRjMmUtYmZlNS0xN2RlYTQyYmE3ZTEiLCJpYXQiOjE3MDg5NDkyMDYsImV4cCI6MTcxMTU0MTIwNiwidHlwZSI6InJlZnJlc2gifQ.CEbnZ563YzYCgjeFTuLFYy2QN2c3fxl_GMIc7wasB7M', '5fa54a25-0261-4c2e-bfe5-17dea42ba7e1', 'refresh', '2024-03-27 12:06:46', 0, '2024-02-26 12:06:46', '2024-02-26 12:06:46'),
(478, 'eyJhbGciOiJIUzI1NiIsInR5cCI6IkpXVCJ9.eyJzdWIiOiJmZjI5OTQzZS1kYmZkLTRmZmItOTA3Mi01ODhmMTA4NDViNzQiLCJpYXQiOjE3MDg5NTExMjAsImV4cCI6MTcxMTU0MzEyMCwidHlwZSI6InJlZnJlc2gifQ.yYqcTv44vGNI1GvJyWQykTtd6d-G7cSpmHptwjJ8LeQ', 'ff29943e-dbfd-4ffb-9072-588f10845b74', 'refresh', '2024-03-27 12:38:40', 0, '2024-02-26 12:38:40', '2024-02-26 12:38:40'),
(480, 'eyJhbGciOiJIUzI1NiIsInR5cCI6IkpXVCJ9.eyJzdWIiOiJmZjI5OTQzZS1kYmZkLTRmZmItOTA3Mi01ODhmMTA4NDViNzQiLCJpYXQiOjE3MDkwMTYyNTQsImV4cCI6MTcxMTYwODI1NCwidHlwZSI6InJlZnJlc2gifQ.Xl86oKDKHGkXs3i0g5SqSQ6QbEVuCQJ4GCwrHH4uYrg', 'ff29943e-dbfd-4ffb-9072-588f10845b74', 'refresh', '2024-03-28 06:44:14', 0, '2024-02-27 06:44:14', '2024-02-27 06:44:14'),
(482, 'eyJhbGciOiJIUzI1NiIsInR5cCI6IkpXVCJ9.eyJzdWIiOiJmZjI5OTQzZS1kYmZkLTRmZmItOTA3Mi01ODhmMTA4NDViNzQiLCJpYXQiOjE3MDkwMjA1MDMsImV4cCI6MTcxMTYxMjUwMywidHlwZSI6InJlZnJlc2gifQ.zQA27NP4SGTXtU-ukYV3fBm9HjNwRyxXx4a8OM-0dEM', 'ff29943e-dbfd-4ffb-9072-588f10845b74', 'refresh', '2024-03-28 07:55:03', 0, '2024-02-27 07:55:03', '2024-02-27 07:55:03'),
(484, 'eyJhbGciOiJIUzI1NiIsInR5cCI6IkpXVCJ9.eyJzdWIiOiJmZjI5OTQzZS1kYmZkLTRmZmItOTA3Mi01ODhmMTA4NDViNzQiLCJpYXQiOjE3MDkwMjExMjcsImV4cCI6MTcxMTYxMzEyNywidHlwZSI6InJlZnJlc2gifQ.X1HqQC8TLuAFPPFBA8u2ulFPCMYjFW1YNxllGQH_ofo', 'ff29943e-dbfd-4ffb-9072-588f10845b74', 'refresh', '2024-03-28 08:05:27', 0, '2024-02-27 08:05:27', '2024-02-27 08:05:27'),
(486, 'eyJhbGciOiJIUzI1NiIsInR5cCI6IkpXVCJ9.eyJzdWIiOiJmZjI5OTQzZS1kYmZkLTRmZmItOTA3Mi01ODhmMTA4NDViNzQiLCJpYXQiOjE3MDkwMzE5MTQsImV4cCI6MTcxMTYyMzkxNCwidHlwZSI6InJlZnJlc2gifQ.ILysxdYNkgU6uqqRN_pZ-KfgrnOD1uUkipkMvSt2dXI', 'ff29943e-dbfd-4ffb-9072-588f10845b74', 'refresh', '2024-03-28 11:05:14', 0, '2024-02-27 11:05:14', '2024-02-27 11:05:14'),
(488, 'eyJhbGciOiJIUzI1NiIsInR5cCI6IkpXVCJ9.eyJzdWIiOiIxOWJiMjNjMS0zOTc2LTQ0OWYtOGJiYi1iNTUyNGRkYTg5NzUiLCJpYXQiOjE3MDkwMzk4NzEsImV4cCI6MTcxMTYzMTg3MSwidHlwZSI6InJlZnJlc2gifQ.Rrz9YS85_mDDvzBfNs3ENsOk5DaCcnSl1Na4-b04OcU', '19bb23c1-3976-449f-8bbb-b5524dda8975', 'refresh', '2024-03-28 13:17:51', 0, '2024-02-27 13:17:51', '2024-02-27 13:17:51'),
(490, 'eyJhbGciOiJIUzI1NiIsInR5cCI6IkpXVCJ9.eyJzdWIiOiJlMGU2YjI2Yi01ZGM3LTQ1NmMtOWEzYy1mZmM5YWNjOWYxM2YiLCJpYXQiOjE3MDkwMzk5NDQsImV4cCI6MTcxMTYzMTk0NCwidHlwZSI6InJlZnJlc2gifQ.EczDsmQ2apHk1AX5mGxMi3Zzchpw-_urET9OtyC5dcY', 'e0e6b26b-5dc7-456c-9a3c-ffc9acc9f13f', 'refresh', '2024-03-28 13:19:04', 0, '2024-02-27 13:19:04', '2024-02-27 13:19:04'),
(492, 'eyJhbGciOiJIUzI1NiIsInR5cCI6IkpXVCJ9.eyJzdWIiOiI5ODI3OWM4NC1jYWVlLTRjMGUtYjcxNy03ZjQ3ZTc2NjJiZDUiLCJpYXQiOjE3MDkwNDAwODMsImV4cCI6MTcxMTYzMjA4MywidHlwZSI6InJlZnJlc2gifQ.Kgc6B3wAk-OeB4CxuLstm-PqOMwrOfm4HkFCXk_xDEY', '98279c84-caee-4c0e-b717-7f47e7662bd5', 'refresh', '2024-03-28 13:21:23', 0, '2024-02-27 13:21:23', '2024-02-27 13:21:23'),
(494, 'eyJhbGciOiJIUzI1NiIsInR5cCI6IkpXVCJ9.eyJzdWIiOiJmZjI5OTQzZS1kYmZkLTRmZmItOTA3Mi01ODhmMTA4NDViNzQiLCJpYXQiOjE3MDkxMDE0NjAsImV4cCI6MTcxMTY5MzQ2MCwidHlwZSI6InJlZnJlc2gifQ.LHR417npVkflGwt1WqKFBeQolGTSYYquz5ZLq19tJ8Q', 'ff29943e-dbfd-4ffb-9072-588f10845b74', 'refresh', '2024-03-29 06:24:20', 0, '2024-02-28 06:24:20', '2024-02-28 06:24:20'),
(496, 'eyJhbGciOiJIUzI1NiIsInR5cCI6IkpXVCJ9.eyJzdWIiOiJmZjI5OTQzZS1kYmZkLTRmZmItOTA3Mi01ODhmMTA4NDViNzQiLCJpYXQiOjE3MDkxMDE0NjAsImV4cCI6MTcxMTY5MzQ2MCwidHlwZSI6InJlZnJlc2gifQ.LHR417npVkflGwt1WqKFBeQolGTSYYquz5ZLq19tJ8Q', 'ff29943e-dbfd-4ffb-9072-588f10845b74', 'refresh', '2024-03-29 06:24:20', 0, '2024-02-28 06:24:20', '2024-02-28 06:24:20'),
(498, 'eyJhbGciOiJIUzI1NiIsInR5cCI6IkpXVCJ9.eyJzdWIiOiI0MjMxYjUxMS03M2QzLTQ4NDctYWE0ZS0xYTYzMzJkMzNjYTciLCJpYXQiOjE3MDkxMDIwODEsImV4cCI6MTcxMTY5NDA4MSwidHlwZSI6InJlZnJlc2gifQ.J3gH0nWGi4uXU42fmo1F2A0M2w7uMWqv7DGg4Vopkwg', '4231b511-73d3-4847-aa4e-1a6332d33ca7', 'refresh', '2024-03-29 06:34:41', 0, '2024-02-28 06:34:41', '2024-02-28 06:34:41'),
(500, 'eyJhbGciOiJIUzI1NiIsInR5cCI6IkpXVCJ9.eyJzdWIiOiIxYzcyNmY5Ni1kMWVjLTRkZmYtOWM4Zi00NTFmOTc1MWRmMDkiLCJpYXQiOjE3MDkxMTMwMjEsImV4cCI6MTcxMTcwNTAyMSwidHlwZSI6InJlZnJlc2gifQ.N9DYihD2p4wZGeoHfT648qy4spJj-0NOZMlUGgrezNA', '1c726f96-d1ec-4dff-9c8f-451f9751df09', 'refresh', '2024-03-29 09:37:01', 0, '2024-02-28 09:37:01', '2024-02-28 09:37:01'),
(502, 'eyJhbGciOiJIUzI1NiIsInR5cCI6IkpXVCJ9.eyJzdWIiOiI1MGMxMDBkNC01YjVmLTQ5YjctODhiMy0wOWIzZTU3MTQ2YjkiLCJpYXQiOjE3MDkxMTM3MzUsImV4cCI6MTcxMTcwNTczNSwidHlwZSI6InJlZnJlc2gifQ.rCi2qSnNUoyLwirDmUbfV4bf0MEYof97HBJUHE59EM0', '50c100d4-5b5f-49b7-88b3-09b3e57146b9', 'refresh', '2024-03-29 09:48:55', 0, '2024-02-28 09:48:55', '2024-02-28 09:48:55'),
(504, 'eyJhbGciOiJIUzI1NiIsInR5cCI6IkpXVCJ9.eyJzdWIiOiJmZjI5OTQzZS1kYmZkLTRmZmItOTA3Mi01ODhmMTA4NDViNzQiLCJpYXQiOjE3MDkxMTc2NDEsImV4cCI6MTcxMTcwOTY0MSwidHlwZSI6InJlZnJlc2gifQ.xGa0rWXgK_SLoYvTy2hJSJEL8qzLhKHXJvTAxDd385M', 'ff29943e-dbfd-4ffb-9072-588f10845b74', 'refresh', '2024-03-29 10:54:01', 0, '2024-02-28 10:54:01', '2024-02-28 10:54:01'),
(506, 'eyJhbGciOiJIUzI1NiIsInR5cCI6IkpXVCJ9.eyJzdWIiOiJmZjI5OTQzZS1kYmZkLTRmZmItOTA3Mi01ODhmMTA4NDViNzQiLCJpYXQiOjE3MDkxMTc2NjAsImV4cCI6MTcxMTcwOTY2MCwidHlwZSI6InJlZnJlc2gifQ.dk1CuO8GYHcw2S8KfnYydPlqjNdK3u4JkUwFXwj277E', 'ff29943e-dbfd-4ffb-9072-588f10845b74', 'refresh', '2024-03-29 10:54:20', 0, '2024-02-28 10:54:20', '2024-02-28 10:54:20'),
(508, 'eyJhbGciOiJIUzI1NiIsInR5cCI6IkpXVCJ9.eyJzdWIiOiJmZjI5OTQzZS1kYmZkLTRmZmItOTA3Mi01ODhmMTA4NDViNzQiLCJpYXQiOjE3MDkxMTc4NjUsImV4cCI6MTcxMTcwOTg2NSwidHlwZSI6InJlZnJlc2gifQ.684nnRBwmUpa6Yz1ALEgDZc5jCxHLpzNoofXgYa9cGg', 'ff29943e-dbfd-4ffb-9072-588f10845b74', 'refresh', '2024-03-29 10:57:45', 0, '2024-02-28 10:57:45', '2024-02-28 10:57:45'),
(510, 'eyJhbGciOiJIUzI1NiIsInR5cCI6IkpXVCJ9.eyJzdWIiOiJmZjI5OTQzZS1kYmZkLTRmZmItOTA3Mi01ODhmMTA4NDViNzQiLCJpYXQiOjE3MDkxMjA5MDIsImV4cCI6MTcxMTcxMjkwMiwidHlwZSI6InJlZnJlc2gifQ.1sFHwdFB_Fb8HiODYlxUPxYNYSnHsNfc9STVmGomQcE', 'ff29943e-dbfd-4ffb-9072-588f10845b74', 'refresh', '2024-03-29 11:48:22', 0, '2024-02-28 11:48:22', '2024-02-28 11:48:22'),
(512, 'eyJhbGciOiJIUzI1NiIsInR5cCI6IkpXVCJ9.eyJzdWIiOiJmZjI5OTQzZS1kYmZkLTRmZmItOTA3Mi01ODhmMTA4NDViNzQiLCJpYXQiOjE3MDkxMjEzMzUsImV4cCI6MTcxMTcxMzMzNSwidHlwZSI6InJlZnJlc2gifQ.oiIjbX8FO2wznfUEBfFMJhyBPh_mBvhLfhCB1yPFiiI', 'ff29943e-dbfd-4ffb-9072-588f10845b74', 'refresh', '2024-03-29 11:55:35', 0, '2024-02-28 11:55:35', '2024-02-28 11:55:35'),
(514, 'eyJhbGciOiJIUzI1NiIsInR5cCI6IkpXVCJ9.eyJzdWIiOiJmZjI5OTQzZS1kYmZkLTRmZmItOTA3Mi01ODhmMTA4NDViNzQiLCJpYXQiOjE3MDkxMjQ2OTgsImV4cCI6MTcxMTcxNjY5OCwidHlwZSI6InJlZnJlc2gifQ.ADIly3d1-z6_J8HRS-B4yK2WP_9NrC8UaeXzxn0otcQ', 'ff29943e-dbfd-4ffb-9072-588f10845b74', 'refresh', '2024-03-29 12:51:38', 0, '2024-02-28 12:51:38', '2024-02-28 12:51:38'),
(516, 'eyJhbGciOiJIUzI1NiIsInR5cCI6IkpXVCJ9.eyJzdWIiOiJmZjI5OTQzZS1kYmZkLTRmZmItOTA3Mi01ODhmMTA4NDViNzQiLCJpYXQiOjE3MDkxMjQ3MjMsImV4cCI6MTcxMTcxNjcyMywidHlwZSI6InJlZnJlc2gifQ.-_Z1MUaghYmaSCwj6jrwU_aROXvNUbzwn8u9zCTPmk4', 'ff29943e-dbfd-4ffb-9072-588f10845b74', 'refresh', '2024-03-29 12:52:03', 0, '2024-02-28 12:52:03', '2024-02-28 12:52:03'),
(518, 'eyJhbGciOiJIUzI1NiIsInR5cCI6IkpXVCJ9.eyJzdWIiOiI4MmQ1NDlkZi1lZTk4LTRjZDQtYjczZS1lMmRjODk5YzQ1MjAiLCJpYXQiOjE3MDkxODQwMzIsImV4cCI6MTcxMTc3NjAzMiwidHlwZSI6InJlZnJlc2gifQ.0Hnx_XCPcJYBLVXG-BEbYYciE-imi75S6YR_CoaDSk4', '82d549df-ee98-4cd4-b73e-e2dc899c4520', 'refresh', '2024-03-30 05:20:32', 0, '2024-02-29 05:20:32', '2024-02-29 05:20:32'),
(520, 'eyJhbGciOiJIUzI1NiIsInR5cCI6IkpXVCJ9.eyJzdWIiOiJmZjI5OTQzZS1kYmZkLTRmZmItOTA3Mi01ODhmMTA4NDViNzQiLCJpYXQiOjE3MDkxODY0NjMsImV4cCI6MTcxMTc3ODQ2MywidHlwZSI6InJlZnJlc2gifQ.7hstyLZO2qqDGXKBdxnDtzGn2qVCjx8nbyzcBUcS97M', 'ff29943e-dbfd-4ffb-9072-588f10845b74', 'refresh', '2024-03-30 06:01:03', 0, '2024-02-29 06:01:03', '2024-02-29 06:01:03'),
(521, 'eyJhbGciOiJIUzI1NiIsInR5cCI6IkpXVCJ9.eyJzdWIiOiJmZjI5OTQzZS1kYmZkLTRmZmItOTA3Mi01ODhmMTA4NDViNzQiLCJpYXQiOjE3MDkyNzQ5ODcsImV4cCI6MTcwOTMxMDk4NywidHlwZSI6ImFjY2VzcyJ9.UgI89Eit-0tx4pwOgVlcRV5VqeCdKcC902BbbI6Mu8o', 'ff29943e-dbfd-4ffb-9072-588f10845b74', 'access', '2024-03-01 16:36:27', 0, '2024-03-01 06:36:27', '2024-03-01 06:36:27'),
(522, 'eyJhbGciOiJIUzI1NiIsInR5cCI6IkpXVCJ9.eyJzdWIiOiJmZjI5OTQzZS1kYmZkLTRmZmItOTA3Mi01ODhmMTA4NDViNzQiLCJpYXQiOjE3MDkyNzQ5ODcsImV4cCI6MTcxMTg2Njk4NywidHlwZSI6InJlZnJlc2gifQ.1jZ1VfyQZBjdIY_hBBQjIRextMXH_QAsXktwbDPRSb0', 'ff29943e-dbfd-4ffb-9072-588f10845b74', 'refresh', '2024-03-31 06:36:27', 0, '2024-03-01 06:36:27', '2024-03-01 06:36:27'),
(523, 'eyJhbGciOiJIUzI1NiIsInR5cCI6IkpXVCJ9.eyJzdWIiOiJmZjI5OTQzZS1kYmZkLTRmZmItOTA3Mi01ODhmMTA4NDViNzQiLCJpYXQiOjE3MDkyNzU5NjksImV4cCI6MTcwOTMxMTk2OSwidHlwZSI6ImFjY2VzcyJ9.t7ROknaYgZqQRFybdYqHfWe7d9emqulUTFEVDTtvW5c', 'ff29943e-dbfd-4ffb-9072-588f10845b74', 'access', '2024-03-01 16:52:49', 0, '2024-03-01 06:52:49', '2024-03-01 06:52:49'),
(524, 'eyJhbGciOiJIUzI1NiIsInR5cCI6IkpXVCJ9.eyJzdWIiOiJmZjI5OTQzZS1kYmZkLTRmZmItOTA3Mi01ODhmMTA4NDViNzQiLCJpYXQiOjE3MDkyNzU5NjksImV4cCI6MTcxMTg2Nzk2OSwidHlwZSI6InJlZnJlc2gifQ.km-cGhOT_ChABP4vzrTJKjCEaZkBEcZVGXd_kvsaeVU', 'ff29943e-dbfd-4ffb-9072-588f10845b74', 'refresh', '2024-03-31 06:52:49', 0, '2024-03-01 06:52:49', '2024-03-01 06:52:49'),
(525, 'eyJhbGciOiJIUzI1NiIsInR5cCI6IkpXVCJ9.eyJzdWIiOiJmZjI5OTQzZS1kYmZkLTRmZmItOTA3Mi01ODhmMTA4NDViNzQiLCJpYXQiOjE3MDkyNzYwMTIsImV4cCI6MTcwOTMxMjAxMiwidHlwZSI6ImFjY2VzcyJ9.duW_2JMiN6aTKLrNjepluv17RS1wfyTeRQoz4yRAZxI', 'ff29943e-dbfd-4ffb-9072-588f10845b74', 'access', '2024-03-01 16:53:32', 0, '2024-03-01 06:53:32', '2024-03-01 06:53:32'),
(526, 'eyJhbGciOiJIUzI1NiIsInR5cCI6IkpXVCJ9.eyJzdWIiOiJmZjI5OTQzZS1kYmZkLTRmZmItOTA3Mi01ODhmMTA4NDViNzQiLCJpYXQiOjE3MDkyNzYwMTIsImV4cCI6MTcxMTg2ODAxMiwidHlwZSI6InJlZnJlc2gifQ.hFRjWzwWqrmU9qsATVneQEBDXzNM58Ifba0oJFzRYq0', 'ff29943e-dbfd-4ffb-9072-588f10845b74', 'refresh', '2024-03-31 06:53:32', 0, '2024-03-01 06:53:32', '2024-03-01 06:53:32'),
(527, 'eyJhbGciOiJIUzI1NiIsInR5cCI6IkpXVCJ9.eyJzdWIiOiJmZjI5OTQzZS1kYmZkLTRmZmItOTA3Mi01ODhmMTA4NDViNzQiLCJpYXQiOjE3MDkyNzYwMzAsImV4cCI6MTcwOTMxMjAzMCwidHlwZSI6ImFjY2VzcyJ9.H_AQ4dQzhWAsyO-QrMDvwQMqNxv74l17GB43OVyGclE', 'ff29943e-dbfd-4ffb-9072-588f10845b74', 'access', '2024-03-01 16:53:50', 0, '2024-03-01 06:53:50', '2024-03-01 06:53:50'),
(528, 'eyJhbGciOiJIUzI1NiIsInR5cCI6IkpXVCJ9.eyJzdWIiOiJmZjI5OTQzZS1kYmZkLTRmZmItOTA3Mi01ODhmMTA4NDViNzQiLCJpYXQiOjE3MDkyNzYwMzAsImV4cCI6MTcxMTg2ODAzMCwidHlwZSI6InJlZnJlc2gifQ.GirP7OtEefZof7HKPkOEZq713FIUDjklrZk3_MS3rkg', 'ff29943e-dbfd-4ffb-9072-588f10845b74', 'refresh', '2024-03-31 06:53:50', 0, '2024-03-01 06:53:50', '2024-03-01 06:53:50'),
(529, 'eyJhbGciOiJIUzI1NiIsInR5cCI6IkpXVCJ9.eyJzdWIiOiJmZjI5OTQzZS1kYmZkLTRmZmItOTA3Mi01ODhmMTA4NDViNzQiLCJpYXQiOjE3MDkyNzcxMzQsImV4cCI6MTcwOTMxMzEzNCwidHlwZSI6ImFjY2VzcyJ9._cPXUHL1uZET4c7_JrLswJ4zLB4RPWBShM7EFMdV6O8', 'ff29943e-dbfd-4ffb-9072-588f10845b74', 'access', '2024-03-01 17:12:14', 0, '2024-03-01 07:12:14', '2024-03-01 07:12:14'),
(530, 'eyJhbGciOiJIUzI1NiIsInR5cCI6IkpXVCJ9.eyJzdWIiOiJmZjI5OTQzZS1kYmZkLTRmZmItOTA3Mi01ODhmMTA4NDViNzQiLCJpYXQiOjE3MDkyNzcxMzQsImV4cCI6MTcxMTg2OTEzNCwidHlwZSI6InJlZnJlc2gifQ.aDX0xxCuC0zO8FCYqPoYJSVdFl3fYstyjpGgVWuBiA0', 'ff29943e-dbfd-4ffb-9072-588f10845b74', 'refresh', '2024-03-31 07:12:14', 0, '2024-03-01 07:12:14', '2024-03-01 07:12:14'),
(531, 'eyJhbGciOiJIUzI1NiIsInR5cCI6IkpXVCJ9.eyJzdWIiOiJmZjI5OTQzZS1kYmZkLTRmZmItOTA3Mi01ODhmMTA4NDViNzQiLCJpYXQiOjE3MDkyODU0NzUsImV4cCI6MTcwOTMyMTQ3NSwidHlwZSI6ImFjY2VzcyJ9.6Q7aTaofL9-riv3R7v_P_GXdr9g7hAein0r0uEc0NgM', 'ff29943e-dbfd-4ffb-9072-588f10845b74', 'access', '2024-03-01 19:31:15', 0, '2024-03-01 09:31:15', '2024-03-01 09:31:15'),
(532, 'eyJhbGciOiJIUzI1NiIsInR5cCI6IkpXVCJ9.eyJzdWIiOiJmZjI5OTQzZS1kYmZkLTRmZmItOTA3Mi01ODhmMTA4NDViNzQiLCJpYXQiOjE3MDkyODU0NzUsImV4cCI6MTcxMTg3NzQ3NSwidHlwZSI6InJlZnJlc2gifQ.ZlEvauaiG2g7PYtUuPaAkVBnH24o9TdtULaH6_vNJMA', 'ff29943e-dbfd-4ffb-9072-588f10845b74', 'refresh', '2024-03-31 09:31:15', 0, '2024-03-01 09:31:15', '2024-03-01 09:31:15'),
(533, 'eyJhbGciOiJIUzI1NiIsInR5cCI6IkpXVCJ9.eyJzdWIiOiJmZjI5OTQzZS1kYmZkLTRmZmItOTA3Mi01ODhmMTA4NDViNzQiLCJpYXQiOjE3MDkyOTA5MjcsImV4cCI6MTcwOTMyNjkyNywidHlwZSI6ImFjY2VzcyJ9.7n_S-SqEKT_i935NxNILB9Eialaf32C_zvG5ZDRWHbE', 'ff29943e-dbfd-4ffb-9072-588f10845b74', 'access', '2024-03-01 21:02:07', 0, '2024-03-01 11:02:07', '2024-03-01 11:02:07'),
(534, 'eyJhbGciOiJIUzI1NiIsInR5cCI6IkpXVCJ9.eyJzdWIiOiJmZjI5OTQzZS1kYmZkLTRmZmItOTA3Mi01ODhmMTA4NDViNzQiLCJpYXQiOjE3MDkyOTA5MjcsImV4cCI6MTcxMTg4MjkyNywidHlwZSI6InJlZnJlc2gifQ.ovsgOT_uWPMKwoSgA_vBu46w4EaVFwPOMFmCHyfOuuo', 'ff29943e-dbfd-4ffb-9072-588f10845b74', 'refresh', '2024-03-31 11:02:07', 0, '2024-03-01 11:02:07', '2024-03-01 11:02:07');

-- --------------------------------------------------------

--
-- Table structure for table `userCourses`
--

CREATE TABLE `userCourses` (
  `id` int(11) NOT NULL,
  `uuid` char(36) CHARACTER SET latin1 COLLATE latin1_bin DEFAULT NULL,
  `courseName` varchar(255) DEFAULT NULL,
  `is_available` int(11) DEFAULT '0',
  `createdAt` datetime NOT NULL,
  `updatedAt` datetime NOT NULL
) ENGINE=InnoDB DEFAULT CHARSET=latin1;

--
-- Dumping data for table `userCourses`
--

INSERT INTO `userCourses` (`id`, `uuid`, `courseName`, `is_available`, `createdAt`, `updatedAt`) VALUES
(1, '620f4c4b-a18f-42f4-8e84-9504b41aff2d', 'B.tech', 0, '2024-01-23 10:32:44', '2024-02-28 12:13:57'),
(6, 'cb528b5b-48cd-43a9-b98c-3fade6a1b662', 'B.Comm', 0, '2024-02-01 07:46:54', '2024-02-06 09:00:33'),
(8, 'f0badc24-f560-4df6-a576-7d44dfbd4b08', 'B.E', 0, '2024-02-01 11:41:36', '2024-02-01 11:41:36'),
(11, '998329ae-5898-4dd5-9f95-dc481687bb77', 'BCA', 0, '2024-02-02 08:47:59', '2024-02-02 08:47:59'),
(39, '94c7cb63-2572-467d-a2b6-f22a71155e58', 'MBA', 0, '2024-02-09 05:23:37', '2024-02-09 05:23:37'),
(41, '74763ece-f07c-41e1-b4f1-c50fc0a13499', 'B.Comm', 0, '2024-02-13 06:48:00', '2024-02-13 06:48:00'),
(42, 'd51ca0aa-4a7b-4c6c-869b-61effb26d86e', 'Laws', 0, '2024-02-13 06:50:18', '2024-02-13 06:50:18'),
(44, 'b0393f6f-67d8-4f48-978f-15a13eea51a4', 'Electrical', 0, '2024-02-28 10:09:10', '2024-02-28 10:09:10'),
(45, '8387d77f-0356-4e43-8302-6cf9a0a5c446', 'B Pharmacy', 0, '2024-02-29 06:02:08', '2024-02-29 06:02:08'),
(46, 'e29e04fb-3512-45a8-a511-dbc455de8a73', '45y', 0, '2024-02-29 10:45:21', '2024-02-29 10:45:21');

-- --------------------------------------------------------

--
-- Table structure for table `userMigrations`
--

CREATE TABLE `userMigrations` (
  `id` int(11) NOT NULL,
  `uuid` char(36) CHARACTER SET latin1 COLLATE latin1_bin DEFAULT NULL,
  `old_course_name` varchar(255) DEFAULT NULL,
  `new_course_name` varchar(255) DEFAULT NULL,
  `createdAt` datetime NOT NULL,
  `updatedAt` datetime NOT NULL
) ENGINE=InnoDB DEFAULT CHARSET=latin1;

-- --------------------------------------------------------

--
-- Table structure for table `userRoles`
--

CREATE TABLE `userRoles` (
  `id` int(11) NOT NULL,
  `uuid` char(36) CHARACTER SET latin1 COLLATE latin1_bin DEFAULT NULL,
  `createdAt` datetime NOT NULL,
  `updatedAt` datetime NOT NULL,
  `role_name` varchar(255) DEFAULT NULL
) ENGINE=InnoDB DEFAULT CHARSET=latin1;

--
-- Dumping data for table `userRoles`
--

INSERT INTO `userRoles` (`id`, `uuid`, `createdAt`, `updatedAt`, `role_name`) VALUES
(2, 'dfafdcaer453bdfdh77869', '2024-02-29 05:22:24', '2024-03-01 11:24:29', 'Teacher'),
(3, '19bf6af8-d6eb-11ee-80c5-484d7eedc66e', '2024-02-29 15:39:40', '2024-03-01 08:23:26', 'Student');

-- --------------------------------------------------------

--
-- Table structure for table `users`
--

CREATE TABLE `users` (
  `id` int(11) NOT NULL,
  `uuid` char(36) CHARACTER SET latin1 COLLATE latin1_bin DEFAULT NULL,
  `first_name` varchar(255) DEFAULT NULL,
  `last_name` varchar(255) DEFAULT NULL,
  `email` varchar(255) DEFAULT NULL,
  `password` varchar(255) DEFAULT NULL,
  `status` int(11) DEFAULT NULL,
  `email_verified` int(11) DEFAULT NULL,
  `address` varchar(255) DEFAULT NULL,
  `phone_number` int(11) DEFAULT NULL,
  `is_available` int(11) DEFAULT '1' COMMENT 'Availability status: 0 = Not Available, 1 = Available',
  `is_deleted` int(11) DEFAULT '0',
  `createdAt` datetime NOT NULL,
  `updatedAt` datetime NOT NULL,
  `profile` varchar(255) DEFAULT NULL,
  `otp_generated` varchar(255) DEFAULT '0',
  `course_Id` int(11) DEFAULT NULL,
  `role_Id` int(11) DEFAULT NULL,
  `migration_Id` int(11) DEFAULT NULL
) ENGINE=InnoDB DEFAULT CHARSET=latin1;

--
-- Dumping data for table `users`
--

INSERT INTO `users` (`id`, `uuid`, `first_name`, `last_name`, `email`, `password`, `status`, `email_verified`, `address`, `phone_number`, `is_available`, `is_deleted`, `createdAt`, `updatedAt`, `profile`, `otp_generated`, `course_Id`, `role_Id`, `migration_Id`) VALUES
(71, 'ff29943e-dbfd-4ffb-9072-588f10845b74', 'Bhanvi', 'gautam', 'bhanvigautam19@gmail.com', '$2a$08$LfsqhtdSJRMkM9giJ5EXAOA5whjoSKcbtLsiWpAlRUnYzdReIxu.O', 1, 0, 'https://github.com/bhanvi-gautam/NetQuall/tree/bhanvi-gautam-patch-1', 2147483647, 1, 0, '2024-02-19 06:49:57', '2024-03-01 06:52:43', '', '0', 11, 2, NULL),
(73, 'd802b904-7ba3-4137-b4d3-c99989a9d638', 'Samson', 'pate', 'lymafyj@mailinator.com', '$2a$08$cOk9ZMhTbDlG6.YtJ2lbsuer0o1.qP1ojqtNWZiNtOiuZL0lg3AFS', 1, 0, 'rerum beatae expedit', 34227312, 1, 0, '2024-02-26 11:58:59', '2024-02-26 13:27:36', 'file-ffb47ba5-1d41-4d51-a44a-c294f511dc46-user2.jpeg', '0', 8, 3, NULL),
(78, 'e0e6b26b-5dc7-456c-9a3c-ffc9acc9f13f', 'henry', 'anderson', 'zogulaji@mailinator.com', '$2a$08$PZaqKEmocrS792.blkU1neJBa7yyullUWq4ySPMlHJngoaP/6nXMa', 1, 0, 'consectetur sed aut ', 987962601, 1, 0, '2024-02-27 13:19:04', '2024-02-27 13:19:04', 'file-22ae770b-666d-4e04-be0d-6ff0c03cc0d5-user5.png', '0', 39, 2, NULL),
(79, '98279c84-caee-4c0e-b717-7f47e7662bd5', 'kellie', 'mullen', 'suvybacyxo@mailinator.com', '$2a$08$zg042m2d00IaOvw4.c5D5esB4AH3WoxlgOM1suzH8KVzmrYCX4xFG', 1, 0, 'ullamco id ab beatae', 2147483647, 0, 0, '2024-02-27 13:21:23', '2024-02-29 05:37:03', 'file-22ae770b-666d-4e04-be0d-6ff0c03cc0d5-user5.png', '0', 42, 2, NULL),
(81, '1c726f96-d1ec-4dff-9c8f-451f9751df09', 'carson', 'bates', 'tywaj@mailinator.com', '$2a$08$zXD0D3Km0kAzr8K26wpNRe9av.dWrjk8k8PWNd7Ozb7Qnms.KRSdi', 1, 0, 'excepteur facere do ', 2147483647, 0, 0, '2024-02-28 09:37:01', '2024-02-29 05:25:27', '', '0', 44, 3, NULL),
(83, '82d549df-ee98-4cd4-b73e-e2dc899c4520', 'kay', 'mercado', 'maduzyhaj@mailinator.com', '$2a$08$pjhXp7Pp1XZaKTNin0.i4.aXKuaNGelthvxDvny8raDZpQ4c0wKKG', 1, 0, 'maxime quo provident', 2147483647, 1, 0, '2024-02-29 05:20:32', '2024-02-29 05:45:19', 'file-5d288ac0-6b16-471d-8ee6-d772cfad1eda-user2.jpeg', '0', 41, 3, NULL);

-- --------------------------------------------------------

--
-- Table structure for table `userSemesters`
--

CREATE TABLE `userSemesters` (
  `id` int(11) NOT NULL,
  `uuid` char(36) CHARACTER SET latin1 COLLATE latin1_bin DEFAULT NULL,
  `semesterNo` int(11) DEFAULT NULL,
  `is_available` int(11) DEFAULT '0',
  `createdAt` datetime NOT NULL,
  `updatedAt` datetime NOT NULL,
  `course_Id` int(11) DEFAULT NULL
) ENGINE=InnoDB DEFAULT CHARSET=latin1;

--
-- Dumping data for table `userSemesters`
--

INSERT INTO `userSemesters` (`id`, `uuid`, `semesterNo`, `is_available`, `createdAt`, `updatedAt`, `course_Id`) VALUES
(2, '620f4c4b-a18f-42f4-8e84-9504b41aff2d', 3, 0, '2024-01-24 06:35:33', '2024-02-28 12:13:57', 1),
(3, 'cb528b5b-48cd-43a9-b98c-3fade6a1b662', 1, 0, '2024-02-01 07:46:54', '2024-02-06 09:00:33', 6),
(4, '057e94c8-012b-4e27-890c-a1cf71a01d6d', 1, 0, '2024-02-01 08:54:51', '2024-02-06 10:35:49', NULL),
(5, 'f0badc24-f560-4df6-a576-7d44dfbd4b08', 2, 0, '2024-02-01 11:41:36', '2024-02-01 11:41:36', 8),
(7, '8f0c8562-1381-4ce1-b18e-f10e6a3fa03b', 2, 0, '2024-02-01 12:34:25', '2024-02-01 12:34:25', NULL),
(8, '998329ae-5898-4dd5-9f95-dc481687bb77', 4, 0, '2024-02-02 08:47:59', '2024-02-02 08:47:59', 11),
(12, 'bb76b6a3-60c8-4e3c-ba32-f6d0f1f5cea0', 3, 0, '2024-02-05 11:26:48', '2024-02-05 11:26:48', NULL),
(13, 'ed84e772-4b7c-4ddc-839b-f354261c6e9f', 2, 0, '2024-02-06 06:15:22', '2024-02-06 06:15:22', NULL),
(24, '3790ff53-d172-4e98-90a7-86d70480bc05', 4, 0, '2024-02-08 13:11:20', '2024-02-14 13:01:44', NULL),
(25, 'a0178ab1-2521-4a7f-84e3-7b67a0742c7f', 2, 0, '2024-02-08 13:13:11', '2024-02-08 13:13:11', NULL),
(26, '94c7cb63-2572-467d-a2b6-f22a71155e58', 3, 0, '2024-02-09 05:23:37', '2024-02-09 05:23:37', 39),
(27, '212c0216-b40a-408e-800a-a638708b4e41', 3, 0, '2024-02-09 05:41:30', '2024-02-09 05:41:30', NULL),
(28, '74763ece-f07c-41e1-b4f1-c50fc0a13499', 1, 0, '2024-02-13 06:48:00', '2024-02-13 06:48:00', 41),
(29, 'd51ca0aa-4a7b-4c6c-869b-61effb26d86e', 2, 0, '2024-02-13 06:50:18', '2024-02-13 06:50:18', 42),
(30, '3bd98da8-cad8-4452-ab55-423f06c0c2b2', 2, 0, '2024-02-14 11:07:08', '2024-02-14 11:10:25', NULL),
(31, 'b0393f6f-67d8-4f48-978f-15a13eea51a4', 3, 0, '2024-02-28 10:09:10', '2024-02-28 10:09:10', 44),
(32, '8387d77f-0356-4e43-8302-6cf9a0a5c446', 3, 0, '2024-02-29 06:02:08', '2024-02-29 06:02:08', 45),
(33, '8387d77f-0356-4e43-8302-6cf9a0a5c446', 5, 0, '2024-02-29 06:02:08', '2024-02-29 06:02:08', 45),
(34, 'e29e04fb-3512-45a8-a511-dbc455de8a73', 5, 0, '2024-02-29 10:45:21', '2024-02-29 10:45:21', 46);

-- --------------------------------------------------------

--
-- Table structure for table `userSubjects`
--

CREATE TABLE `userSubjects` (
  `id` int(11) NOT NULL,
  `uuid` char(36) CHARACTER SET latin1 COLLATE latin1_bin DEFAULT NULL,
  `subjectName` varchar(255) DEFAULT NULL,
  `is_available` int(11) DEFAULT '0',
  `createdAt` datetime NOT NULL,
  `updatedAt` datetime NOT NULL,
  `semester_Id` int(11) DEFAULT NULL
) ENGINE=InnoDB DEFAULT CHARSET=latin1;

--
-- Dumping data for table `userSubjects`
--

INSERT INTO `userSubjects` (`id`, `uuid`, `subjectName`, `is_available`, `createdAt`, `updatedAt`, `semester_Id`) VALUES
(1, '618df937-1579-4166-8920-f01f7dff0178', 'subject 3 updated', 0, '2024-01-24 07:34:58', '2024-02-02 07:25:38', NULL),
(2, '3559790d-8be7-45d7-8533-25ff61c890f6', 'subject 1 update', 0, '2024-01-24 07:34:58', '2024-02-02 07:26:01', NULL),
(3, 'ba93b78a-1c3e-49a7-9257-cf769513aef6', 'subject 2 update  ', 0, '2024-01-24 07:34:58', '2024-01-24 07:36:04', NULL),
(4, '78a5b19f-44b5-492f-b11b-3b6829df8a88', 'subject 1', 0, '2024-01-24 07:34:58', '2024-02-28 12:13:57', 2),
(7, 'eff2c541-47e4-46ab-b483-b47d746e2e05', 'subject 1 update', 0, '2024-01-24 07:36:04', '2024-01-24 07:36:04', NULL),
(9, '290d8929-959b-4879-83f9-fa8a600cbbd2', 'Accounts', 0, '2024-02-01 07:46:54', '2024-02-06 09:00:33', 3),
(10, 'cdd5a26f-cc02-47ce-bb0e-5a3e17212a50', 'subject 1ss', 0, '2024-02-01 08:54:51', '2024-02-06 10:35:49', 4),
(11, '1635b280-2385-492a-ae2d-8a983d25e888', 'subject 2 uudddgdd', 0, '2024-02-01 08:54:51', '2024-02-06 10:35:49', 4),
(12, '125b215d-c899-40a7-9f30-bac37239136c', 'subject 3', 0, '2024-02-01 08:54:51', '2024-02-06 10:35:49', 4),
(13, 'cb3f4b6c-a7fe-42bc-b9d7-bea05ab4774c', 'Accounts', 0, '2024-02-01 11:41:36', '2024-02-01 11:41:36', 5),
(14, '37cabf9e-a01f-481b-acee-1db0a8b4922f', 'Accounts', 0, '2024-02-01 11:41:54', '2024-02-01 11:41:54', NULL),
(15, 'bc20743f-0e45-4ee1-867c-dadf8d090ea4', 'Accounts', 0, '2024-02-01 12:34:25', '2024-02-01 12:34:25', 7),
(24, '9b53e067-e032-4dbb-bffc-7ad0a40dbf13', 'fghfh', 0, '2024-02-05 11:26:48', '2024-02-05 11:26:48', 12),
(25, '73041120-f4b7-472a-86c1-48b6f9508afd', 'bbdc', 0, '2024-02-06 06:15:22', '2024-02-06 06:15:22', 13),
(62, 'b3d403e5-0670-4b74-a67c-2b2268a74ba6', 'aa', 0, '2024-02-08 13:11:20', '2024-02-14 13:01:44', 24),
(63, '050aac99-93a7-4621-a205-fa554f76e717', 'eeee', 0, '2024-02-08 13:13:12', '2024-02-08 13:13:12', 25),
(64, '39d772fb-54ba-48a6-b5e9-075f17c96752', 'Business', 0, '2024-02-09 05:23:37', '2024-02-09 05:23:37', 26),
(65, '18bd6a29-f711-4746-85cb-09ab38f0d857', 'ghfjd', 0, '2024-02-09 05:41:31', '2024-02-09 05:41:31', 27),
(66, 'e2809188-29ed-4958-9fd9-01108a1d3a97', 'Accounts', 0, '2024-02-13 06:48:00', '2024-02-13 06:48:00', 28),
(67, 'da2d87e8-62c3-444e-8d34-a023a3c0eb2c', 'ees', 0, '2024-02-13 06:50:18', '2024-02-13 06:50:18', 29),
(68, 'caa55e59-d9ab-4015-8e9c-10113d16387c', 'Accounts', 0, '2024-02-14 11:07:08', '2024-02-14 11:10:25', 30),
(69, 'b07827f1-163e-4e59-a2de-dddeaf93961c', 'embedded', 0, '2024-02-28 10:09:10', '2024-02-28 10:09:10', 31),
(70, 'c7684d26-30ea-4680-a7da-4a283872ec00', 'subject 2', 0, '2024-02-29 06:02:08', '2024-02-29 06:02:08', 32),
(71, '71218654-a79f-414e-9e4a-926bba6dc2c3', 'subject1 ', 0, '2024-02-29 06:02:08', '2024-02-29 06:02:08', 32),
(72, '0237af58-4988-47bf-ab60-6049419485e6', 'subject1', 0, '2024-02-29 06:02:08', '2024-02-29 06:02:08', 33),
(73, 'bf232115-d3d8-4e38-9980-7291a9bb52f2', 'eeee', 0, '2024-02-29 10:45:21', '2024-02-29 10:45:21', 34);

-- --------------------------------------------------------

--
-- Table structure for table `userTeacherDetails`
--

CREATE TABLE `userTeacherDetails` (
  `id` int(11) NOT NULL,
  `uuid` char(36) CHARACTER SET latin1 COLLATE latin1_bin DEFAULT NULL,
  `teacher_id` int(11) DEFAULT NULL,
  `subject_id` int(11) DEFAULT NULL,
  `course_id` int(11) DEFAULT NULL,
  `createdAt` datetime NOT NULL,
  `updatedAt` datetime NOT NULL
) ENGINE=InnoDB DEFAULT CHARSET=latin1;

--
-- Dumping data for table `userTeacherDetails`
--

INSERT INTO `userTeacherDetails` (`id`, `uuid`, `teacher_id`, `subject_id`, `course_id`, `createdAt`, `updatedAt`) VALUES
(1, 'tttrhgbxdrbv4322', 71, 2, 8, '0000-00-00 00:00:00', '0000-00-00 00:00:00'),
(2, 'rresfhjk321121', 73, 7, 11, '0000-00-00 00:00:00', '0000-00-00 00:00:00'),
(5, 'e6bbb5e5-d6ed-11ee-80c5-484d7eedc66e', 78, 11, 45, '0000-00-00 00:00:00', '0000-00-00 00:00:00'),
(6, 'f8f0a102-d6ed-11ee-80c5-484d7eedc66e', 79, 64, 45, '0000-00-00 00:00:00', '0000-00-00 00:00:00'),
(7, '070bd248-d6ee-11ee-80c5-484d7eedc66e', 81, 65, 6, '0000-00-00 00:00:00', '0000-00-00 00:00:00'),
(8, '1e63be8f-d6ee-11ee-80c5-484d7eedc66e', 83, 15, 39, '0000-00-00 00:00:00', '0000-00-00 00:00:00'),
(9, '1e63be8f-d6ee-11ee-80c5-484d7eedc66e', 83, 15, 39, '0000-00-00 00:00:00', '0000-00-00 00:00:00');

--
-- Indexes for dumped tables
--

--
-- Indexes for table `tokens`
--
ALTER TABLE `tokens`
  ADD PRIMARY KEY (`id`);

--
-- Indexes for table `userCourses`
--
ALTER TABLE `userCourses`
  ADD PRIMARY KEY (`id`);

--
-- Indexes for table `userMigrations`
--
ALTER TABLE `userMigrations`
  ADD PRIMARY KEY (`id`);

--
-- Indexes for table `userRoles`
--
ALTER TABLE `userRoles`
  ADD PRIMARY KEY (`id`);

--
-- Indexes for table `users`
--
ALTER TABLE `users`
  ADD PRIMARY KEY (`id`),
  ADD KEY `course_Id` (`course_Id`),
  ADD KEY `role_Id` (`role_Id`),
  ADD KEY `migration_Id` (`migration_Id`);

--
-- Indexes for table `userSemesters`
--
ALTER TABLE `userSemesters`
  ADD PRIMARY KEY (`id`),
  ADD KEY `course_Id` (`course_Id`);

--
-- Indexes for table `userSubjects`
--
ALTER TABLE `userSubjects`
  ADD PRIMARY KEY (`id`),
  ADD KEY `semester_Id` (`semester_Id`);

--
-- Indexes for table `userTeacherDetails`
--
ALTER TABLE `userTeacherDetails`
  ADD PRIMARY KEY (`id`),
  ADD KEY `teacher_id` (`teacher_id`),
  ADD KEY `subject_id` (`subject_id`),
  ADD KEY `course_id` (`course_id`);

--
-- AUTO_INCREMENT for dumped tables
--

--
-- AUTO_INCREMENT for table `tokens`
--
ALTER TABLE `tokens`
  MODIFY `id` int(11) NOT NULL AUTO_INCREMENT, AUTO_INCREMENT=535;
--
-- AUTO_INCREMENT for table `userCourses`
--
ALTER TABLE `userCourses`
  MODIFY `id` int(11) NOT NULL AUTO_INCREMENT, AUTO_INCREMENT=47;
--
-- AUTO_INCREMENT for table `userMigrations`
--
ALTER TABLE `userMigrations`
  MODIFY `id` int(11) NOT NULL AUTO_INCREMENT;
--
-- AUTO_INCREMENT for table `userRoles`
--
ALTER TABLE `userRoles`
  MODIFY `id` int(11) NOT NULL AUTO_INCREMENT, AUTO_INCREMENT=4;
--
-- AUTO_INCREMENT for table `users`
--
ALTER TABLE `users`
  MODIFY `id` int(11) NOT NULL AUTO_INCREMENT, AUTO_INCREMENT=84;
--
-- AUTO_INCREMENT for table `userSemesters`
--
ALTER TABLE `userSemesters`
  MODIFY `id` int(11) NOT NULL AUTO_INCREMENT, AUTO_INCREMENT=35;
--
-- AUTO_INCREMENT for table `userSubjects`
--
ALTER TABLE `userSubjects`
  MODIFY `id` int(11) NOT NULL AUTO_INCREMENT, AUTO_INCREMENT=74;
--
-- AUTO_INCREMENT for table `userTeacherDetails`
--
ALTER TABLE `userTeacherDetails`
  MODIFY `id` int(11) NOT NULL AUTO_INCREMENT, AUTO_INCREMENT=10;
--
-- Constraints for dumped tables
--

--
-- Constraints for table `users`
--
ALTER TABLE `users`
  ADD CONSTRAINT `users_ibfk_29` FOREIGN KEY (`course_Id`) REFERENCES `userCourses` (`id`) ON DELETE SET NULL ON UPDATE CASCADE,
  ADD CONSTRAINT `users_ibfk_30` FOREIGN KEY (`role_Id`) REFERENCES `userRoles` (`id`) ON DELETE SET NULL ON UPDATE CASCADE,
  ADD CONSTRAINT `users_ibfk_31` FOREIGN KEY (`migration_Id`) REFERENCES `userMigrations` (`id`) ON DELETE SET NULL ON UPDATE CASCADE;

--
-- Constraints for table `userSemesters`
--
ALTER TABLE `userSemesters`
  ADD CONSTRAINT `userSemesters_ibfk_1` FOREIGN KEY (`course_Id`) REFERENCES `userCourses` (`id`) ON DELETE SET NULL ON UPDATE CASCADE;

--
-- Constraints for table `userSubjects`
--
ALTER TABLE `userSubjects`
  ADD CONSTRAINT `userSubjects_ibfk_1` FOREIGN KEY (`semester_Id`) REFERENCES `userSemesters` (`id`) ON DELETE SET NULL ON UPDATE CASCADE;

--
-- Constraints for table `userTeacherDetails`
--
ALTER TABLE `userTeacherDetails`
  ADD CONSTRAINT `userTeacherDetails_ibfk_1` FOREIGN KEY (`teacher_id`) REFERENCES `users` (`id`) ON DELETE SET NULL ON UPDATE CASCADE,
  ADD CONSTRAINT `userTeacherDetails_ibfk_2` FOREIGN KEY (`subject_id`) REFERENCES `userSubjects` (`id`) ON DELETE SET NULL ON UPDATE CASCADE,
  ADD CONSTRAINT `userTeacherDetails_ibfk_3` FOREIGN KEY (`course_id`) REFERENCES `userCourses` (`id`) ON DELETE SET NULL ON UPDATE CASCADE;

/*!40101 SET CHARACTER_SET_CLIENT=@OLD_CHARACTER_SET_CLIENT */;
/*!40101 SET CHARACTER_SET_RESULTS=@OLD_CHARACTER_SET_RESULTS */;
/*!40101 SET COLLATION_CONNECTION=@OLD_COLLATION_CONNECTION */;
