{
    "keep": {
        "days": true,
        "amount": 14
    },
    "auditLog": "logs\\.a0d87dca77fcfe26534a319b2a8db1b7d0c8f52f-audit.json",
    "files": [
        {
            "date": 1711250989427,
            "name": "logs\\application-2024-03-24.log",
            "hash": "2277075c499f28c7df4638b4cca2844b41aa3142e33f9b74f592b59af4362e7f"
        },
        {
            "date": 1711373443920,
            "name": "logs\\application-2024-03-25.log",
            "hash": "84cd761279f8fb257a391e1bc53e8e13e46c9a324da23c37c56e10c6a147bfd5"
        },
        {
            "date": 1711391734481,
            "name": "logs\\application-2024-03-26.log",
            "hash": "2e47bae4e0c014e5d34a7cfd14caac263f871cab8bc42abc991da2e6c3d219b9"
        },
        {
            "date": 1711514416967,
            "name": "logs\\application-2024-03-27.log",
            "hash": "e2e9bb5e093ed039936ca64bed9bafe67e136011c02d4391d41253469b1c7fa6"
        },
        {
            "date": 1711602256163,
            "name": "logs\\application-2024-03-28.log",
            "hash": "40ca73ea6d3a813e71aea6f42cccaf1b8d78cb0612ec726d6b1e4ec5f4972f29"
        },
        {
            "date": 1711689285379,
            "name": "logs\\application-2024-03-29.log",
            "hash": "f65b15efbba760cc6836d824876f397de08d8bdeeceac54c5469668c0f9c9466"
        },
        {
            "date": 1711947151632,
            "name": "logs\\application-2024-04-01.log",
            "hash": "e8e6733eac06c5e585684bbc654f9071b979591145820e9c35b16c4133e7604f"
        },
        {
            "date": 1712033400164,
            "name": "logs\\application-2024-04-02.log",
            "hash": "08223cca1178b4dd5de22b03029610c8f2f78c5de431233d8a84ed2e45669fae"
        },
        {
            "date": 1712119798660,
            "name": "logs\\application-2024-04-03.log",
            "hash": "d277ef6bd68d4b62a4990c1488e8a31dd29361a03a1d301d2181378c77f97393"
        },
        {
            "date": 1712215609424,
            "name": "logs\\application-2024-04-04.log",
            "hash": "8b7b71a43affdc085a150bbe45b7866a568d717c46eee7a8149abca8cacba54e"
        },
        {
            "date": 1712292772214,
            "name": "logs\\application-2024-04-05.log",
            "hash": "98c69c45b2eaf31a1cb561b3deaae6d9f7c8a7f9dc754faf3c830c027d53a55c"
        }
    ],
    "hashType": "sha256"
}