{
    "keep": {
        "days": false,
        "amount": 3
    },
    "auditLog": "logs\\.bb823176b8eed872bb56272b85d9eeef24817d44-audit.json",
    "files": [
        {
            "date": 1712119797518,
            "name": "logs\\2024-04-03-app-log.log",
            "hash": "c459fbed58f1494a89ebaa888b06e74f6b99ec04354c4465c893df791bb031af"
        },
        {
            "date": 1712215608076,
            "name": "logs\\2024-04-04-app-log.log",
            "hash": "922ce354d2ee868421f40c3040f5235d1aa758ca8aaac12d995d6b8f3b2e7bff"
        },
        {
            "date": 1712292770786,
            "name": "logs\\2024-04-05-app-log.log",
            "hash": "19db78f3fd70efc79e9b520f26b18e23c795a9b92fe720f44a83af9e1d488211"
        }
    ],
    "hashType": "sha256"
}