-- phpMyAdmin SQL Dump
-- version 4.5.4.1
-- http://www.phpmyadmin.net
--
-- Host: localhost
-- Generation Time: Mar 22, 2024 at 12:07 PM
-- Server version: 5.7.27-0ubuntu0.16.04.1
-- PHP Version: 5.6.40-5+ubuntu16.04.1+deb.sury.org+1

SET SQL_MODE = "NO_AUTO_VALUE_ON_ZERO";
SET time_zone = "+00:00";


/*!40101 SET @OLD_CHARACTER_SET_CLIENT=@@CHARACTER_SET_CLIENT */;
/*!40101 SET @OLD_CHARACTER_SET_RESULTS=@@CHARACTER_SET_RESULTS */;
/*!40101 SET @OLD_COLLATION_CONNECTION=@@COLLATION_CONNECTION */;
/*!40101 SET NAMES utf8mb4 */;

--
-- Database: `lms`
--

-- --------------------------------------------------------

--
-- Table structure for table `tokens`
--

CREATE TABLE `tokens` (
  `id` int(11) NOT NULL,
  `token` varchar(255) DEFAULT NULL,
  `user_uuid` char(36) CHARACTER SET latin1 COLLATE latin1_bin DEFAULT NULL,
  `type` varchar(255) DEFAULT NULL,
  `expires` datetime DEFAULT NULL,
  `blacklisted` tinyint(1) DEFAULT NULL,
  `created_at` datetime NOT NULL,
  `updated_at` datetime NOT NULL
) ENGINE=InnoDB DEFAULT CHARSET=latin1;

--
-- Dumping data for table `tokens`
--

INSERT INTO `tokens` (`id`, `token`, `user_uuid`, `type`, `expires`, `blacklisted`, `created_at`, `updated_at`) VALUES
(464, 'eyJhbGciOiJIUzI1NiIsInR5cCI6IkpXVCJ9.eyJzdWIiOiIxMzAzNTQ4Zi1iMjFlLTRkYmUtODk5My1jNGNlZjFlZTM2ZDAiLCJpYXQiOjE3MDg5MjU3MjgsImV4cCI6MTcxMTUxNzcyOCwidHlwZSI6InJlZnJlc2gifQ.Nbfi-yDmtTJ43uthWnZkRrG27nYbJRtrMCERJuZZXkU', '1303548f-b21e-4dbe-8993-c4cef1ee36d0', 'refresh', '2024-03-27 05:35:28', 0, '2024-02-26 05:35:28', '2024-02-26 05:35:28'),
(466, 'eyJhbGciOiJIUzI1NiIsInR5cCI6IkpXVCJ9.eyJzdWIiOiI1YTk3ZWZjMi1jMzI0LTRlMzUtODFmZC1mZGY2MDE2NDI0YTAiLCJpYXQiOjE3MDg5MjU3NTEsImV4cCI6MTcxMTUxNzc1MSwidHlwZSI6InJlZnJlc2gifQ.MiyFuEn2bRODOdbaj0eqGXk_9YMKMtgcA9_obLxKTqo', '5a97efc2-c324-4e35-81fd-fdf6016424a0', 'refresh', '2024-03-27 05:35:51', 0, '2024-02-26 05:35:51', '2024-02-26 05:35:51'),
(468, 'eyJhbGciOiJIUzI1NiIsInR5cCI6IkpXVCJ9.eyJzdWIiOiJiNWE3ODExNS1kYjg0LTQyOGItYTZhNy03MWM1Y2EyODEyNGUiLCJpYXQiOjE3MDg5NDcwNzcsImV4cCI6MTcxMTUzOTA3NywidHlwZSI6InJlZnJlc2gifQ.2QSm2AWCZqDLJ2w4K5qA01aP9hUh7obiF7T9fkLF7AY', 'b5a78115-db84-428b-a6a7-71c5ca28124e', 'refresh', '2024-03-27 11:31:17', 0, '2024-02-26 11:31:17', '2024-02-26 11:31:17'),
(470, 'eyJhbGciOiJIUzI1NiIsInR5cCI6IkpXVCJ9.eyJzdWIiOiJkODAyYjkwNC03YmEzLTQxMzctYjRkMy1jOTk5ODlhOWQ2MzgiLCJpYXQiOjE3MDg5NDg3MzksImV4cCI6MTcxMTU0MDczOSwidHlwZSI6InJlZnJlc2gifQ.Io2fydbvvAko9xKDj6orN651jEdsilBxzKEuLc75ixs', 'd802b904-7ba3-4137-b4d3-c99989a9d638', 'refresh', '2024-03-27 11:58:59', 0, '2024-02-26 11:58:59', '2024-02-26 11:58:59'),
(472, 'eyJhbGciOiJIUzI1NiIsInR5cCI6IkpXVCJ9.eyJzdWIiOiJhN2I2ZDk5Ny0zMWI5LTQzZjEtOTczZC02MjFhZDBkNDI1ZjMiLCJpYXQiOjE3MDg5NDg3NTksImV4cCI6MTcxMTU0MDc1OSwidHlwZSI6InJlZnJlc2gifQ.k58HVtJ71vnsEfr0fBIL1HgEkDmmutp7R1TxITL92c0', 'a7b6d997-31b9-43f1-973d-621ad0d425f3', 'refresh', '2024-03-27 11:59:19', 0, '2024-02-26 11:59:19', '2024-02-26 11:59:19'),
(474, 'eyJhbGciOiJIUzI1NiIsInR5cCI6IkpXVCJ9.eyJzdWIiOiI4OGQ4NGQ1Ny0zM2I4LTQ4ZjMtYTc1Ny1lMjVlNzU4NWNlODYiLCJpYXQiOjE3MDg5NDg3OTYsImV4cCI6MTcxMTU0MDc5NiwidHlwZSI6InJlZnJlc2gifQ.OmrmPY-31w85eTy486A2xQov9i7fczKNkEe2tR6rV3w', '88d84d57-33b8-48f3-a757-e25e7585ce86', 'refresh', '2024-03-27 11:59:56', 0, '2024-02-26 11:59:56', '2024-02-26 11:59:56'),
(476, 'eyJhbGciOiJIUzI1NiIsInR5cCI6IkpXVCJ9.eyJzdWIiOiI1ZmE1NGEyNS0wMjYxLTRjMmUtYmZlNS0xN2RlYTQyYmE3ZTEiLCJpYXQiOjE3MDg5NDkyMDYsImV4cCI6MTcxMTU0MTIwNiwidHlwZSI6InJlZnJlc2gifQ.CEbnZ563YzYCgjeFTuLFYy2QN2c3fxl_GMIc7wasB7M', '5fa54a25-0261-4c2e-bfe5-17dea42ba7e1', 'refresh', '2024-03-27 12:06:46', 0, '2024-02-26 12:06:46', '2024-02-26 12:06:46'),
(478, 'eyJhbGciOiJIUzI1NiIsInR5cCI6IkpXVCJ9.eyJzdWIiOiJmZjI5OTQzZS1kYmZkLTRmZmItOTA3Mi01ODhmMTA4NDViNzQiLCJpYXQiOjE3MDg5NTExMjAsImV4cCI6MTcxMTU0MzEyMCwidHlwZSI6InJlZnJlc2gifQ.yYqcTv44vGNI1GvJyWQykTtd6d-G7cSpmHptwjJ8LeQ', 'ff29943e-dbfd-4ffb-9072-588f10845b74', 'refresh', '2024-03-27 12:38:40', 0, '2024-02-26 12:38:40', '2024-02-26 12:38:40'),
(480, 'eyJhbGciOiJIUzI1NiIsInR5cCI6IkpXVCJ9.eyJzdWIiOiJmZjI5OTQzZS1kYmZkLTRmZmItOTA3Mi01ODhmMTA4NDViNzQiLCJpYXQiOjE3MDkwMTYyNTQsImV4cCI6MTcxMTYwODI1NCwidHlwZSI6InJlZnJlc2gifQ.Xl86oKDKHGkXs3i0g5SqSQ6QbEVuCQJ4GCwrHH4uYrg', 'ff29943e-dbfd-4ffb-9072-588f10845b74', 'refresh', '2024-03-28 06:44:14', 0, '2024-02-27 06:44:14', '2024-02-27 06:44:14'),
(482, 'eyJhbGciOiJIUzI1NiIsInR5cCI6IkpXVCJ9.eyJzdWIiOiJmZjI5OTQzZS1kYmZkLTRmZmItOTA3Mi01ODhmMTA4NDViNzQiLCJpYXQiOjE3MDkwMjA1MDMsImV4cCI6MTcxMTYxMjUwMywidHlwZSI6InJlZnJlc2gifQ.zQA27NP4SGTXtU-ukYV3fBm9HjNwRyxXx4a8OM-0dEM', 'ff29943e-dbfd-4ffb-9072-588f10845b74', 'refresh', '2024-03-28 07:55:03', 0, '2024-02-27 07:55:03', '2024-02-27 07:55:03'),
(484, 'eyJhbGciOiJIUzI1NiIsInR5cCI6IkpXVCJ9.eyJzdWIiOiJmZjI5OTQzZS1kYmZkLTRmZmItOTA3Mi01ODhmMTA4NDViNzQiLCJpYXQiOjE3MDkwMjExMjcsImV4cCI6MTcxMTYxMzEyNywidHlwZSI6InJlZnJlc2gifQ.X1HqQC8TLuAFPPFBA8u2ulFPCMYjFW1YNxllGQH_ofo', 'ff29943e-dbfd-4ffb-9072-588f10845b74', 'refresh', '2024-03-28 08:05:27', 0, '2024-02-27 08:05:27', '2024-02-27 08:05:27'),
(486, 'eyJhbGciOiJIUzI1NiIsInR5cCI6IkpXVCJ9.eyJzdWIiOiJmZjI5OTQzZS1kYmZkLTRmZmItOTA3Mi01ODhmMTA4NDViNzQiLCJpYXQiOjE3MDkwMzE5MTQsImV4cCI6MTcxMTYyMzkxNCwidHlwZSI6InJlZnJlc2gifQ.ILysxdYNkgU6uqqRN_pZ-KfgrnOD1uUkipkMvSt2dXI', 'ff29943e-dbfd-4ffb-9072-588f10845b74', 'refresh', '2024-03-28 11:05:14', 0, '2024-02-27 11:05:14', '2024-02-27 11:05:14'),
(488, 'eyJhbGciOiJIUzI1NiIsInR5cCI6IkpXVCJ9.eyJzdWIiOiIxOWJiMjNjMS0zOTc2LTQ0OWYtOGJiYi1iNTUyNGRkYTg5NzUiLCJpYXQiOjE3MDkwMzk4NzEsImV4cCI6MTcxMTYzMTg3MSwidHlwZSI6InJlZnJlc2gifQ.Rrz9YS85_mDDvzBfNs3ENsOk5DaCcnSl1Na4-b04OcU', '19bb23c1-3976-449f-8bbb-b5524dda8975', 'refresh', '2024-03-28 13:17:51', 0, '2024-02-27 13:17:51', '2024-02-27 13:17:51'),
(490, 'eyJhbGciOiJIUzI1NiIsInR5cCI6IkpXVCJ9.eyJzdWIiOiJlMGU2YjI2Yi01ZGM3LTQ1NmMtOWEzYy1mZmM5YWNjOWYxM2YiLCJpYXQiOjE3MDkwMzk5NDQsImV4cCI6MTcxMTYzMTk0NCwidHlwZSI6InJlZnJlc2gifQ.EczDsmQ2apHk1AX5mGxMi3Zzchpw-_urET9OtyC5dcY', 'e0e6b26b-5dc7-456c-9a3c-ffc9acc9f13f', 'refresh', '2024-03-28 13:19:04', 0, '2024-02-27 13:19:04', '2024-02-27 13:19:04'),
(492, 'eyJhbGciOiJIUzI1NiIsInR5cCI6IkpXVCJ9.eyJzdWIiOiI5ODI3OWM4NC1jYWVlLTRjMGUtYjcxNy03ZjQ3ZTc2NjJiZDUiLCJpYXQiOjE3MDkwNDAwODMsImV4cCI6MTcxMTYzMjA4MywidHlwZSI6InJlZnJlc2gifQ.Kgc6B3wAk-OeB4CxuLstm-PqOMwrOfm4HkFCXk_xDEY', '98279c84-caee-4c0e-b717-7f47e7662bd5', 'refresh', '2024-03-28 13:21:23', 0, '2024-02-27 13:21:23', '2024-02-27 13:21:23'),
(494, 'eyJhbGciOiJIUzI1NiIsInR5cCI6IkpXVCJ9.eyJzdWIiOiJmZjI5OTQzZS1kYmZkLTRmZmItOTA3Mi01ODhmMTA4NDViNzQiLCJpYXQiOjE3MDkxMDE0NjAsImV4cCI6MTcxMTY5MzQ2MCwidHlwZSI6InJlZnJlc2gifQ.LHR417npVkflGwt1WqKFBeQolGTSYYquz5ZLq19tJ8Q', 'ff29943e-dbfd-4ffb-9072-588f10845b74', 'refresh', '2024-03-29 06:24:20', 0, '2024-02-28 06:24:20', '2024-02-28 06:24:20'),
(496, 'eyJhbGciOiJIUzI1NiIsInR5cCI6IkpXVCJ9.eyJzdWIiOiJmZjI5OTQzZS1kYmZkLTRmZmItOTA3Mi01ODhmMTA4NDViNzQiLCJpYXQiOjE3MDkxMDE0NjAsImV4cCI6MTcxMTY5MzQ2MCwidHlwZSI6InJlZnJlc2gifQ.LHR417npVkflGwt1WqKFBeQolGTSYYquz5ZLq19tJ8Q', 'ff29943e-dbfd-4ffb-9072-588f10845b74', 'refresh', '2024-03-29 06:24:20', 0, '2024-02-28 06:24:20', '2024-02-28 06:24:20'),
(498, 'eyJhbGciOiJIUzI1NiIsInR5cCI6IkpXVCJ9.eyJzdWIiOiI0MjMxYjUxMS03M2QzLTQ4NDctYWE0ZS0xYTYzMzJkMzNjYTciLCJpYXQiOjE3MDkxMDIwODEsImV4cCI6MTcxMTY5NDA4MSwidHlwZSI6InJlZnJlc2gifQ.J3gH0nWGi4uXU42fmo1F2A0M2w7uMWqv7DGg4Vopkwg', '4231b511-73d3-4847-aa4e-1a6332d33ca7', 'refresh', '2024-03-29 06:34:41', 0, '2024-02-28 06:34:41', '2024-02-28 06:34:41'),
(500, 'eyJhbGciOiJIUzI1NiIsInR5cCI6IkpXVCJ9.eyJzdWIiOiIxYzcyNmY5Ni1kMWVjLTRkZmYtOWM4Zi00NTFmOTc1MWRmMDkiLCJpYXQiOjE3MDkxMTMwMjEsImV4cCI6MTcxMTcwNTAyMSwidHlwZSI6InJlZnJlc2gifQ.N9DYihD2p4wZGeoHfT648qy4spJj-0NOZMlUGgrezNA', '1c726f96-d1ec-4dff-9c8f-451f9751df09', 'refresh', '2024-03-29 09:37:01', 0, '2024-02-28 09:37:01', '2024-02-28 09:37:01'),
(502, 'eyJhbGciOiJIUzI1NiIsInR5cCI6IkpXVCJ9.eyJzdWIiOiI1MGMxMDBkNC01YjVmLTQ5YjctODhiMy0wOWIzZTU3MTQ2YjkiLCJpYXQiOjE3MDkxMTM3MzUsImV4cCI6MTcxMTcwNTczNSwidHlwZSI6InJlZnJlc2gifQ.rCi2qSnNUoyLwirDmUbfV4bf0MEYof97HBJUHE59EM0', '50c100d4-5b5f-49b7-88b3-09b3e57146b9', 'refresh', '2024-03-29 09:48:55', 0, '2024-02-28 09:48:55', '2024-02-28 09:48:55'),
(504, 'eyJhbGciOiJIUzI1NiIsInR5cCI6IkpXVCJ9.eyJzdWIiOiJmZjI5OTQzZS1kYmZkLTRmZmItOTA3Mi01ODhmMTA4NDViNzQiLCJpYXQiOjE3MDkxMTc2NDEsImV4cCI6MTcxMTcwOTY0MSwidHlwZSI6InJlZnJlc2gifQ.xGa0rWXgK_SLoYvTy2hJSJEL8qzLhKHXJvTAxDd385M', 'ff29943e-dbfd-4ffb-9072-588f10845b74', 'refresh', '2024-03-29 10:54:01', 0, '2024-02-28 10:54:01', '2024-02-28 10:54:01'),
(506, 'eyJhbGciOiJIUzI1NiIsInR5cCI6IkpXVCJ9.eyJzdWIiOiJmZjI5OTQzZS1kYmZkLTRmZmItOTA3Mi01ODhmMTA4NDViNzQiLCJpYXQiOjE3MDkxMTc2NjAsImV4cCI6MTcxMTcwOTY2MCwidHlwZSI6InJlZnJlc2gifQ.dk1CuO8GYHcw2S8KfnYydPlqjNdK3u4JkUwFXwj277E', 'ff29943e-dbfd-4ffb-9072-588f10845b74', 'refresh', '2024-03-29 10:54:20', 0, '2024-02-28 10:54:20', '2024-02-28 10:54:20'),
(508, 'eyJhbGciOiJIUzI1NiIsInR5cCI6IkpXVCJ9.eyJzdWIiOiJmZjI5OTQzZS1kYmZkLTRmZmItOTA3Mi01ODhmMTA4NDViNzQiLCJpYXQiOjE3MDkxMTc4NjUsImV4cCI6MTcxMTcwOTg2NSwidHlwZSI6InJlZnJlc2gifQ.684nnRBwmUpa6Yz1ALEgDZc5jCxHLpzNoofXgYa9cGg', 'ff29943e-dbfd-4ffb-9072-588f10845b74', 'refresh', '2024-03-29 10:57:45', 0, '2024-02-28 10:57:45', '2024-02-28 10:57:45'),
(510, 'eyJhbGciOiJIUzI1NiIsInR5cCI6IkpXVCJ9.eyJzdWIiOiJmZjI5OTQzZS1kYmZkLTRmZmItOTA3Mi01ODhmMTA4NDViNzQiLCJpYXQiOjE3MDkxMjA5MDIsImV4cCI6MTcxMTcxMjkwMiwidHlwZSI6InJlZnJlc2gifQ.1sFHwdFB_Fb8HiODYlxUPxYNYSnHsNfc9STVmGomQcE', 'ff29943e-dbfd-4ffb-9072-588f10845b74', 'refresh', '2024-03-29 11:48:22', 0, '2024-02-28 11:48:22', '2024-02-28 11:48:22'),
(512, 'eyJhbGciOiJIUzI1NiIsInR5cCI6IkpXVCJ9.eyJzdWIiOiJmZjI5OTQzZS1kYmZkLTRmZmItOTA3Mi01ODhmMTA4NDViNzQiLCJpYXQiOjE3MDkxMjEzMzUsImV4cCI6MTcxMTcxMzMzNSwidHlwZSI6InJlZnJlc2gifQ.oiIjbX8FO2wznfUEBfFMJhyBPh_mBvhLfhCB1yPFiiI', 'ff29943e-dbfd-4ffb-9072-588f10845b74', 'refresh', '2024-03-29 11:55:35', 0, '2024-02-28 11:55:35', '2024-02-28 11:55:35'),
(514, 'eyJhbGciOiJIUzI1NiIsInR5cCI6IkpXVCJ9.eyJzdWIiOiJmZjI5OTQzZS1kYmZkLTRmZmItOTA3Mi01ODhmMTA4NDViNzQiLCJpYXQiOjE3MDkxMjQ2OTgsImV4cCI6MTcxMTcxNjY5OCwidHlwZSI6InJlZnJlc2gifQ.ADIly3d1-z6_J8HRS-B4yK2WP_9NrC8UaeXzxn0otcQ', 'ff29943e-dbfd-4ffb-9072-588f10845b74', 'refresh', '2024-03-29 12:51:38', 0, '2024-02-28 12:51:38', '2024-02-28 12:51:38'),
(516, 'eyJhbGciOiJIUzI1NiIsInR5cCI6IkpXVCJ9.eyJzdWIiOiJmZjI5OTQzZS1kYmZkLTRmZmItOTA3Mi01ODhmMTA4NDViNzQiLCJpYXQiOjE3MDkxMjQ3MjMsImV4cCI6MTcxMTcxNjcyMywidHlwZSI6InJlZnJlc2gifQ.-_Z1MUaghYmaSCwj6jrwU_aROXvNUbzwn8u9zCTPmk4', 'ff29943e-dbfd-4ffb-9072-588f10845b74', 'refresh', '2024-03-29 12:52:03', 0, '2024-02-28 12:52:03', '2024-02-28 12:52:03'),
(518, 'eyJhbGciOiJIUzI1NiIsInR5cCI6IkpXVCJ9.eyJzdWIiOiI4MmQ1NDlkZi1lZTk4LTRjZDQtYjczZS1lMmRjODk5YzQ1MjAiLCJpYXQiOjE3MDkxODQwMzIsImV4cCI6MTcxMTc3NjAzMiwidHlwZSI6InJlZnJlc2gifQ.0Hnx_XCPcJYBLVXG-BEbYYciE-imi75S6YR_CoaDSk4', '82d549df-ee98-4cd4-b73e-e2dc899c4520', 'refresh', '2024-03-30 05:20:32', 0, '2024-02-29 05:20:32', '2024-02-29 05:20:32'),
(520, 'eyJhbGciOiJIUzI1NiIsInR5cCI6IkpXVCJ9.eyJzdWIiOiJmZjI5OTQzZS1kYmZkLTRmZmItOTA3Mi01ODhmMTA4NDViNzQiLCJpYXQiOjE3MDkxODY0NjMsImV4cCI6MTcxMTc3ODQ2MywidHlwZSI6InJlZnJlc2gifQ.7hstyLZO2qqDGXKBdxnDtzGn2qVCjx8nbyzcBUcS97M', 'ff29943e-dbfd-4ffb-9072-588f10845b74', 'refresh', '2024-03-30 06:01:03', 0, '2024-02-29 06:01:03', '2024-02-29 06:01:03'),
(522, 'eyJhbGciOiJIUzI1NiIsInR5cCI6IkpXVCJ9.eyJzdWIiOiJmZjI5OTQzZS1kYmZkLTRmZmItOTA3Mi01ODhmMTA4NDViNzQiLCJpYXQiOjE3MDkyNzQ5ODcsImV4cCI6MTcxMTg2Njk4NywidHlwZSI6InJlZnJlc2gifQ.1jZ1VfyQZBjdIY_hBBQjIRextMXH_QAsXktwbDPRSb0', 'ff29943e-dbfd-4ffb-9072-588f10845b74', 'refresh', '2024-03-31 06:36:27', 0, '2024-03-01 06:36:27', '2024-03-01 06:36:27'),
(524, 'eyJhbGciOiJIUzI1NiIsInR5cCI6IkpXVCJ9.eyJzdWIiOiJmZjI5OTQzZS1kYmZkLTRmZmItOTA3Mi01ODhmMTA4NDViNzQiLCJpYXQiOjE3MDkyNzU5NjksImV4cCI6MTcxMTg2Nzk2OSwidHlwZSI6InJlZnJlc2gifQ.km-cGhOT_ChABP4vzrTJKjCEaZkBEcZVGXd_kvsaeVU', 'ff29943e-dbfd-4ffb-9072-588f10845b74', 'refresh', '2024-03-31 06:52:49', 0, '2024-03-01 06:52:49', '2024-03-01 06:52:49'),
(526, 'eyJhbGciOiJIUzI1NiIsInR5cCI6IkpXVCJ9.eyJzdWIiOiJmZjI5OTQzZS1kYmZkLTRmZmItOTA3Mi01ODhmMTA4NDViNzQiLCJpYXQiOjE3MDkyNzYwMTIsImV4cCI6MTcxMTg2ODAxMiwidHlwZSI6InJlZnJlc2gifQ.hFRjWzwWqrmU9qsATVneQEBDXzNM58Ifba0oJFzRYq0', 'ff29943e-dbfd-4ffb-9072-588f10845b74', 'refresh', '2024-03-31 06:53:32', 0, '2024-03-01 06:53:32', '2024-03-01 06:53:32'),
(528, 'eyJhbGciOiJIUzI1NiIsInR5cCI6IkpXVCJ9.eyJzdWIiOiJmZjI5OTQzZS1kYmZkLTRmZmItOTA3Mi01ODhmMTA4NDViNzQiLCJpYXQiOjE3MDkyNzYwMzAsImV4cCI6MTcxMTg2ODAzMCwidHlwZSI6InJlZnJlc2gifQ.GirP7OtEefZof7HKPkOEZq713FIUDjklrZk3_MS3rkg', 'ff29943e-dbfd-4ffb-9072-588f10845b74', 'refresh', '2024-03-31 06:53:50', 0, '2024-03-01 06:53:50', '2024-03-01 06:53:50'),
(530, 'eyJhbGciOiJIUzI1NiIsInR5cCI6IkpXVCJ9.eyJzdWIiOiJmZjI5OTQzZS1kYmZkLTRmZmItOTA3Mi01ODhmMTA4NDViNzQiLCJpYXQiOjE3MDkyNzcxMzQsImV4cCI6MTcxMTg2OTEzNCwidHlwZSI6InJlZnJlc2gifQ.aDX0xxCuC0zO8FCYqPoYJSVdFl3fYstyjpGgVWuBiA0', 'ff29943e-dbfd-4ffb-9072-588f10845b74', 'refresh', '2024-03-31 07:12:14', 0, '2024-03-01 07:12:14', '2024-03-01 07:12:14'),
(532, 'eyJhbGciOiJIUzI1NiIsInR5cCI6IkpXVCJ9.eyJzdWIiOiJmZjI5OTQzZS1kYmZkLTRmZmItOTA3Mi01ODhmMTA4NDViNzQiLCJpYXQiOjE3MDkyODU0NzUsImV4cCI6MTcxMTg3NzQ3NSwidHlwZSI6InJlZnJlc2gifQ.ZlEvauaiG2g7PYtUuPaAkVBnH24o9TdtULaH6_vNJMA', 'ff29943e-dbfd-4ffb-9072-588f10845b74', 'refresh', '2024-03-31 09:31:15', 0, '2024-03-01 09:31:15', '2024-03-01 09:31:15'),
(534, 'eyJhbGciOiJIUzI1NiIsInR5cCI6IkpXVCJ9.eyJzdWIiOiJmZjI5OTQzZS1kYmZkLTRmZmItOTA3Mi01ODhmMTA4NDViNzQiLCJpYXQiOjE3MDkyOTA5MjcsImV4cCI6MTcxMTg4MjkyNywidHlwZSI6InJlZnJlc2gifQ.ovsgOT_uWPMKwoSgA_vBu46w4EaVFwPOMFmCHyfOuuo', 'ff29943e-dbfd-4ffb-9072-588f10845b74', 'refresh', '2024-03-31 11:02:07', 0, '2024-03-01 11:02:07', '2024-03-01 11:02:07'),
(536, 'eyJhbGciOiJIUzI1NiIsInR5cCI6IkpXVCJ9.eyJzdWIiOiJmZjI5OTQzZS1kYmZkLTRmZmItOTA3Mi01ODhmMTA4NDViNzQiLCJpYXQiOjE3MTAxNTM5MDIsImV4cCI6MTcxMjc0NTkwMiwidHlwZSI6InJlZnJlc2gifQ.oO4mtvnviEgy3HRP29fD3yryEQrw_dkKvzOTArz0-8c', 'ff29943e-dbfd-4ffb-9072-588f10845b74', 'refresh', '2024-04-10 10:45:02', 0, '2024-03-11 10:45:02', '2024-03-11 10:45:02'),
(538, 'eyJhbGciOiJIUzI1NiIsInR5cCI6IkpXVCJ9.eyJzdWIiOiJmZjI5OTQzZS1kYmZkLTRmZmItOTA3Mi01ODhmMTA4NDViNzQiLCJpYXQiOjE3MTAyMjk2OTQsImV4cCI6MTcxMjgyMTY5NCwidHlwZSI6InJlZnJlc2gifQ.A4QigdIFOHuF7jvt_saWFaj8Tnob8X2cR16Cc09RAEc', 'ff29943e-dbfd-4ffb-9072-588f10845b74', 'refresh', '2024-04-11 07:48:14', 0, '2024-03-12 07:48:14', '2024-03-12 07:48:14'),
(540, 'eyJhbGciOiJIUzI1NiIsInR5cCI6IkpXVCJ9.eyJzdWIiOiJmZjI5OTQzZS1kYmZkLTRmZmItOTA3Mi01ODhmMTA4NDViNzQiLCJpYXQiOjE3MTAyNDM0ODIsImV4cCI6MTcxMjgzNTQ4MiwidHlwZSI6InJlZnJlc2gifQ.SEnW1Jh1gY8-ayzoNdmuM5akOj0iNh2c7A7NgnhlvJs', 'ff29943e-dbfd-4ffb-9072-588f10845b74', 'refresh', '2024-04-11 11:38:02', 0, '2024-03-12 11:38:02', '2024-03-12 11:38:02'),
(542, 'eyJhbGciOiJIUzI1NiIsInR5cCI6IkpXVCJ9.eyJzdWIiOiJmZjI5OTQzZS1kYmZkLTRmZmItOTA3Mi01ODhmMTA4NDViNzQiLCJpYXQiOjE3MTAyNDM1MjgsImV4cCI6MTcxMjgzNTUyOCwidHlwZSI6InJlZnJlc2gifQ.EiwSi9xYk3rchdfa9GIrcQpupF2QuE5ms6WIslgxvkc', 'ff29943e-dbfd-4ffb-9072-588f10845b74', 'refresh', '2024-04-11 11:38:48', 0, '2024-03-12 11:38:48', '2024-03-12 11:38:48'),
(544, 'eyJhbGciOiJIUzI1NiIsInR5cCI6IkpXVCJ9.eyJzdWIiOiJmZjI5OTQzZS1kYmZkLTRmZmItOTA3Mi01ODhmMTA4NDViNzQiLCJpYXQiOjE3MTAyNDM4NDcsImV4cCI6MTcxMjgzNTg0NywidHlwZSI6InJlZnJlc2gifQ.BpM7ZZta0tpSAR8itDao8omw2XWQbJwsn1bFuVm5cw0', 'ff29943e-dbfd-4ffb-9072-588f10845b74', 'refresh', '2024-04-11 11:44:07', 0, '2024-03-12 11:44:07', '2024-03-12 11:44:07'),
(546, 'eyJhbGciOiJIUzI1NiIsInR5cCI6IkpXVCJ9.eyJzdWIiOiJmZjI5OTQzZS1kYmZkLTRmZmItOTA3Mi01ODhmMTA4NDViNzQiLCJpYXQiOjE3MTAyNDM4NTYsImV4cCI6MTcxMjgzNTg1NiwidHlwZSI6InJlZnJlc2gifQ.KVthUnyH_3cbe5AdrEgJjec4kbtfyVhkptPloHXcHaA', 'ff29943e-dbfd-4ffb-9072-588f10845b74', 'refresh', '2024-04-11 11:44:16', 0, '2024-03-12 11:44:16', '2024-03-12 11:44:16'),
(548, 'eyJhbGciOiJIUzI1NiIsInR5cCI6IkpXVCJ9.eyJzdWIiOiJmZjI5OTQzZS1kYmZkLTRmZmItOTA3Mi01ODhmMTA4NDViNzQiLCJpYXQiOjE3MTAyNDcxNzgsImV4cCI6MTcxMjgzOTE3OCwidHlwZSI6InJlZnJlc2gifQ.-qK0DU8iSfSvItKWqY2Y09QoWenonBKUekGgyxPZmnI', 'ff29943e-dbfd-4ffb-9072-588f10845b74', 'refresh', '2024-04-11 12:39:38', 0, '2024-03-12 12:39:38', '2024-03-12 12:39:38'),
(550, 'eyJhbGciOiJIUzI1NiIsInR5cCI6IkpXVCJ9.eyJzdWIiOiJmZjI5OTQzZS1kYmZkLTRmZmItOTA3Mi01ODhmMTA4NDViNzQiLCJpYXQiOjE3MTAzMTczMDksImV4cCI6MTcxMjkwOTMwOSwidHlwZSI6InJlZnJlc2gifQ.3BN4Kj-GJBeJ0KX3d7ZZB-idgNkD4xvlcO_LepNUyZQ', 'ff29943e-dbfd-4ffb-9072-588f10845b74', 'refresh', '2024-04-12 08:08:29', 0, '2024-03-13 08:08:29', '2024-03-13 08:08:29'),
(552, 'eyJhbGciOiJIUzI1NiIsInR5cCI6IkpXVCJ9.eyJzdWIiOiJmZjI5OTQzZS1kYmZkLTRmZmItOTA3Mi01ODhmMTA4NDViNzQiLCJpYXQiOjE3MTAzMTczNzcsImV4cCI6MTcxMjkwOTM3NywidHlwZSI6InJlZnJlc2gifQ.t-mtUHl4kDo5dyzYP7S-ZlzJ-Lf60Ma6t6Cjw-aFvs4', 'ff29943e-dbfd-4ffb-9072-588f10845b74', 'refresh', '2024-04-12 08:09:37', 0, '2024-03-13 08:09:37', '2024-03-13 08:09:37'),
(554, 'eyJhbGciOiJIUzI1NiIsInR5cCI6IkpXVCJ9.eyJzdWIiOiJmZjI5OTQzZS1kYmZkLTRmZmItOTA3Mi01ODhmMTA4NDViNzQiLCJpYXQiOjE3MTAzMTg5ODgsImV4cCI6MTcxMjkxMDk4OCwidHlwZSI6InJlZnJlc2gifQ.hfqie1KpRCQX7-jDEKMEON1ChK44RrIU0JC5gDKWBJg', 'ff29943e-dbfd-4ffb-9072-588f10845b74', 'refresh', '2024-04-12 08:36:28', 0, '2024-03-13 08:36:28', '2024-03-13 08:36:28'),
(556, 'eyJhbGciOiJIUzI1NiIsInR5cCI6IkpXVCJ9.eyJzdWIiOiI4MzhmNTZhMC03ZDlkLTQ3ZTEtYTlhNS03NjUyMzAyN2MyY2QiLCJpYXQiOjE3MTAzMzAzNTQsImV4cCI6MTcxMjkyMjM1NCwidHlwZSI6InJlZnJlc2gifQ.aw6BZQZShTcfWnCPev7nt2c-Nb1VTc8j4PUIdqGgHw0', '838f56a0-7d9d-47e1-a9a5-76523027c2cd', 'refresh', '2024-04-12 11:45:54', 0, '2024-03-13 11:45:54', '2024-03-13 11:45:54'),
(558, 'eyJhbGciOiJIUzI1NiIsInR5cCI6IkpXVCJ9.eyJzdWIiOiI3OGQxNDljNC0zNDY5LTQwMjktODQ1Yy1lZWJlYjAxYmMxMzMiLCJpYXQiOjE3MTAzMzM0MjcsImV4cCI6MTcxMjkyNTQyNywidHlwZSI6InJlZnJlc2gifQ.KOqLrgggpS3mveGYYt62yLwoTBm62f_J6WoQAHpSzDw', '78d149c4-3469-4029-845c-eebeb01bc133', 'refresh', '2024-04-12 12:37:07', 0, '2024-03-13 12:37:07', '2024-03-13 12:37:07'),
(560, 'eyJhbGciOiJIUzI1NiIsInR5cCI6IkpXVCJ9.eyJzdWIiOiI2Y2FkNzFhMC1kMGRkLTQzM2ItOWJiZC1jODJjZjFhMTQxMzMiLCJpYXQiOjE3MTA3Mzk4NzIsImV4cCI6MTcxMzMzMTg3MiwidHlwZSI6InJlZnJlc2gifQ.gfjsGJpj6z_egr4BTY3wwrAI6unw93u6ZfKBpgMcnnU', '6cad71a0-d0dd-433b-9bbd-c82cf1a14133', 'refresh', '2024-04-17 05:31:12', 0, '2024-03-18 05:31:12', '2024-03-18 05:31:12'),
(562, 'eyJhbGciOiJIUzI1NiIsInR5cCI6IkpXVCJ9.eyJzdWIiOiIwMTcyOTRjZC02Njg4LTQyZjMtODg2MC1kMjA0ZDA1Njg2ODEiLCJpYXQiOjE3MTA3NDAzMjksImV4cCI6MTcxMzMzMjMyOSwidHlwZSI6InJlZnJlc2gifQ.oZYIoGZMf0FsoGH9CPj5LOyIQo6Xh271s4HUw9HGK1k', '017294cd-6688-42f3-8860-d204d0568681', 'refresh', '2024-04-17 05:38:49', 0, '2024-03-18 05:38:49', '2024-03-18 05:38:49'),
(564, 'eyJhbGciOiJIUzI1NiIsInR5cCI6IkpXVCJ9.eyJzdWIiOiIwNjYzNTJlYS0xYmZhLTRlODctYmZlOS05OGM0YTJhYzY2OTkiLCJpYXQiOjE3MTA3NDA0NDUsImV4cCI6MTcxMzMzMjQ0NSwidHlwZSI6InJlZnJlc2gifQ.hEOpkrpzrzm0O705fJk7lPsS_Y4o42nDA4Po-jnIDn4', '066352ea-1bfa-4e87-bfe9-98c4a2ac6699', 'refresh', '2024-04-17 05:40:45', 0, '2024-03-18 05:40:45', '2024-03-18 05:40:45'),
(566, 'eyJhbGciOiJIUzI1NiIsInR5cCI6IkpXVCJ9.eyJzdWIiOiI4ZWI0YzMyNi1iZDAyLTQzYjUtOGZlYi1kZWZjYTMxNjA1ZTciLCJpYXQiOjE3MTA3NDExNTUsImV4cCI6MTcxMzMzMzE1NSwidHlwZSI6InJlZnJlc2gifQ.6FHr5UnPD8Abj2qKRehrJtLIzlfFYTgIWjDPDjJpZdE', '8eb4c326-bd02-43b5-8feb-defca31605e7', 'refresh', '2024-04-17 05:52:35', 0, '2024-03-18 05:52:35', '2024-03-18 05:52:35'),
(568, 'eyJhbGciOiJIUzI1NiIsInR5cCI6IkpXVCJ9.eyJzdWIiOiI1MzQxMTJhNC0xMmI1LTQyYTMtYWRmNy00ZTE1YTZhZjRlMmUiLCJpYXQiOjE3MTA3NDI0MDksImV4cCI6MTcxMzMzNDQwOSwidHlwZSI6InJlZnJlc2gifQ.zGUnuk-Qo_7uhC4Ut-iY7ClC8m1IJ9ExhvSbLCPmEi4', '534112a4-12b5-42a3-adf7-4e15a6af4e2e', 'refresh', '2024-04-17 06:13:29', 0, '2024-03-18 06:13:29', '2024-03-18 06:13:29'),
(570, 'eyJhbGciOiJIUzI1NiIsInR5cCI6IkpXVCJ9.eyJzdWIiOiJhMzlkYWQ4NS1jNGZkLTRmMjAtOWIxYi05ZDQ0YjU5NDc2NWQiLCJpYXQiOjE3MTA3NDMwNjAsImV4cCI6MTcxMzMzNTA2MCwidHlwZSI6InJlZnJlc2gifQ.GZseRsSf0z9fg2xmghZfEEADsOatS5PEfwgQn2SsUfg', 'a39dad85-c4fd-4f20-9b1b-9d44b594765d', 'refresh', '2024-04-17 06:24:20', 0, '2024-03-18 06:24:20', '2024-03-18 06:24:20'),
(572, 'eyJhbGciOiJIUzI1NiIsInR5cCI6IkpXVCJ9.eyJzdWIiOiIwODI1OGE3Ny0yNGIyLTQ1N2EtOWFmOS1mMmE5Mzk4NDZjNmEiLCJpYXQiOjE3MTA3NDM1OTcsImV4cCI6MTcxMzMzNTU5NywidHlwZSI6InJlZnJlc2gifQ.jrihZ0cfVcA2jRflX3sDGExfZekdOQTavyQNUI40a0Y', '08258a77-24b2-457a-9af9-f2a939846c6a', 'refresh', '2024-04-17 06:33:17', 0, '2024-03-18 06:33:17', '2024-03-18 06:33:17'),
(574, 'eyJhbGciOiJIUzI1NiIsInR5cCI6IkpXVCJ9.eyJzdWIiOiJkNGZhNDRjZC0yNjkyLTRjNjItODQzNS05ZjBjMGUwODc2ZmEiLCJpYXQiOjE3MTA3NDM4NjIsImV4cCI6MTcxMzMzNTg2MiwidHlwZSI6InJlZnJlc2gifQ.Zo6Zbq7CyEzUsS7T7pE9QBjYO2mhyH8Qe9kNCOthzuA', 'd4fa44cd-2692-4c62-8435-9f0c0e0876fa', 'refresh', '2024-04-17 06:37:42', 0, '2024-03-18 06:37:42', '2024-03-18 06:37:42'),
(576, 'eyJhbGciOiJIUzI1NiIsInR5cCI6IkpXVCJ9.eyJzdWIiOiJmZjI5OTQzZS1kYmZkLTRmZmItOTA3Mi01ODhmMTA4NDViNzQiLCJpYXQiOjE3MTA3NDQwODMsImV4cCI6MTcxMzMzNjA4MywidHlwZSI6InJlZnJlc2gifQ.OCPahNMmpUAcDjn6snyPwi8ikFFNI66rnT9IHh-BS8w', 'ff29943e-dbfd-4ffb-9072-588f10845b74', 'refresh', '2024-04-17 06:41:23', 0, '2024-03-18 06:41:23', '2024-03-18 06:41:23'),
(578, 'eyJhbGciOiJIUzI1NiIsInR5cCI6IkpXVCJ9.eyJzdWIiOiIwYWNhNTQ3Ni0xYjYwLTQwOWEtYWE1NC0yN2ViNzRhMzY1MDciLCJpYXQiOjE3MTA3NTE5ODAsImV4cCI6MTcxMzM0Mzk4MCwidHlwZSI6InJlZnJlc2gifQ.NfAJordYChfNZI_H92hRK-fwHaLJHj4UZmT5f_7Hl14', '0aca5476-1b60-409a-aa54-27eb74a36507', 'refresh', '2024-04-17 08:53:00', 0, '2024-03-18 08:53:00', '2024-03-18 08:53:00'),
(580, 'eyJhbGciOiJIUzI1NiIsInR5cCI6IkpXVCJ9.eyJzdWIiOiIyMmRjOTQzMC0yMWMyLTRiNjItYWJiNC1hMGNkMDA3MDY3YzAiLCJpYXQiOjE3MTA3NTIxMzUsImV4cCI6MTcxMzM0NDEzNSwidHlwZSI6InJlZnJlc2gifQ.8pwTsQ2A9MK7d5lIEsq1ypUz08FrNFuw4aPlwc9my0k', '22dc9430-21c2-4b62-abb4-a0cd007067c0', 'refresh', '2024-04-17 08:55:35', 0, '2024-03-18 08:55:35', '2024-03-18 08:55:35'),
(582, 'eyJhbGciOiJIUzI1NiIsInR5cCI6IkpXVCJ9.eyJzdWIiOiIyOTYzYWUwZS1hMjhmLTRhMTYtYjE4Yi1lOGNhNzg5MGZhZWYiLCJpYXQiOjE3MTA3NTYwNzEsImV4cCI6MTcxMzM0ODA3MSwidHlwZSI6InJlZnJlc2gifQ.he57kSkFJuvK_dUDxw-7nRw8OfLV-yWqe_cGg1bdfeA', '2963ae0e-a28f-4a16-b18b-e8ca7890faef', 'refresh', '2024-04-17 10:01:11', 0, '2024-03-18 10:01:11', '2024-03-18 10:01:11'),
(584, 'eyJhbGciOiJIUzI1NiIsInR5cCI6IkpXVCJ9.eyJzdWIiOiIzNzQxNTcwMC05NzhlLTQwODUtOGU1Mi01YzA1MDBjYTFiNTciLCJpYXQiOjE3MTA3NTcwMTIsImV4cCI6MTcxMzM0OTAxMiwidHlwZSI6InJlZnJlc2gifQ.MX4_YhnZJYL4dcGJ862Bu71LDgwu_aQl_cspKG7jyjM', '37415700-978e-4085-8e52-5c0500ca1b57', 'refresh', '2024-04-17 10:16:52', 0, '2024-03-18 10:16:52', '2024-03-18 10:16:52'),
(586, 'eyJhbGciOiJIUzI1NiIsInR5cCI6IkpXVCJ9.eyJzdWIiOiJmNjkyOWViMi1hM2MzLTRmODQtYTZjNy0wZWE0MWRmZWIwMTAiLCJpYXQiOjE3MTA3NTc5MDcsImV4cCI6MTcxMzM0OTkwNywidHlwZSI6InJlZnJlc2gifQ.RMyl0_urgLSgDsa9qxthbcUTlAb-LqN8UnzX_LoaZg0', 'f6929eb2-a3c3-4f84-a6c7-0ea41dfeb010', 'refresh', '2024-04-17 10:31:47', 0, '2024-03-18 10:31:47', '2024-03-18 10:31:47'),
(588, 'eyJhbGciOiJIUzI1NiIsInR5cCI6IkpXVCJ9.eyJzdWIiOiJmZjI5OTQzZS1kYmZkLTRmZmItOTA3Mi01ODhmMTA4NDViNzQiLCJpYXQiOjE3MTA3NTc5NzYsImV4cCI6MTcxMzM0OTk3NiwidHlwZSI6InJlZnJlc2gifQ._GSdKz-1fOVCroHovFXORbrZ7faX9VBR6QJbi91QtM4', 'ff29943e-dbfd-4ffb-9072-588f10845b74', 'refresh', '2024-04-17 10:32:56', 0, '2024-03-18 10:32:56', '2024-03-18 10:32:56'),
(590, 'eyJhbGciOiJIUzI1NiIsInR5cCI6IkpXVCJ9.eyJzdWIiOiI2MjIwZTkwZC05NDkzLTRjMmItOTg2NC0wOTQwMmJmNTE3OTciLCJpYXQiOjE3MTA3Njc2NzYsImV4cCI6MTcxMzM1OTY3NiwidHlwZSI6InJlZnJlc2gifQ.bPMl4_omkQzDgObAwNz_hmUkoe-ZNlgpP-lP-bcj070', '6220e90d-9493-4c2b-9864-09402bf51797', 'refresh', '2024-04-17 13:14:36', 0, '2024-03-18 13:14:36', '2024-03-18 13:14:36'),
(592, 'eyJhbGciOiJIUzI1NiIsInR5cCI6IkpXVCJ9.eyJzdWIiOiJjYWExNjdjOS1hNjVhLTQyODEtOGM0NC1kZTRkNDJiOGZlMjAiLCJpYXQiOjE3MTA4MjU1MjQsImV4cCI6MTcxMzQxNzUyNCwidHlwZSI6InJlZnJlc2gifQ.TNjbCpf1FEjXJT3aywT78Wb3xjCU_ALwwN2vOfVhj1Q', 'caa167c9-a65a-4281-8c44-de4d42b8fe20', 'refresh', '2024-04-18 05:18:44', 0, '2024-03-19 05:18:44', '2024-03-19 05:18:44'),
(594, 'eyJhbGciOiJIUzI1NiIsInR5cCI6IkpXVCJ9.eyJzdWIiOiIxMWMyNGZmYi0wNmE3LTRiYjctOGNlMi03YTkwOTVlNTY1NDQiLCJpYXQiOjE3MTA4MjU2MzcsImV4cCI6MTcxMzQxNzYzNywidHlwZSI6InJlZnJlc2gifQ.GK4ZucYfF94YlXXaCarGW3NXPnI-P2zNcfq4FfHtR5s', '11c24ffb-06a7-4bb7-8ce2-7a9095e56544', 'refresh', '2024-04-18 05:20:37', 0, '2024-03-19 05:20:37', '2024-03-19 05:20:37'),
(596, 'eyJhbGciOiJIUzI1NiIsInR5cCI6IkpXVCJ9.eyJzdWIiOiJmNzU1MTk5My0xNTI0LTQwNzItOTFiYy1hN2Q4NTA5ZGEzNzMiLCJpYXQiOjE3MTA4MjY1ODAsImV4cCI6MTcxMzQxODU4MCwidHlwZSI6InJlZnJlc2gifQ.qcKGAF-4BeN24SXDK0-AQzLDQoMLHOtXqt7O5mD4J6Q', 'f7551993-1524-4072-91bc-a7d8509da373', 'refresh', '2024-04-18 05:36:20', 0, '2024-03-19 05:36:20', '2024-03-19 05:36:20'),
(598, 'eyJhbGciOiJIUzI1NiIsInR5cCI6IkpXVCJ9.eyJzdWIiOiI0NGM4NmEzZC0xNTU2LTQ5MjUtODhmMi0zNTdkMWViNGFmMzciLCJpYXQiOjE3MTA4MjgxNDYsImV4cCI6MTcxMzQyMDE0NiwidHlwZSI6InJlZnJlc2gifQ.8YrH8DNcFBR5G0yHJI1RSPeQ_wqj78_HzEowcd6KYYM', '44c86a3d-1556-4925-88f2-357d1eb4af37', 'refresh', '2024-04-18 06:02:26', 0, '2024-03-19 06:02:26', '2024-03-19 06:02:26'),
(600, 'eyJhbGciOiJIUzI1NiIsInR5cCI6IkpXVCJ9.eyJzdWIiOiIwMjk5ODNhNS1hMjg3LTQ2NTktODNjMS1kNjgzNzFjM2MzOWQiLCJpYXQiOjE3MTA4MjgyMDUsImV4cCI6MTcxMzQyMDIwNSwidHlwZSI6InJlZnJlc2gifQ.OxXtV5p-XaY4WCPum96WqAFeVuGZaHUWtfSsLVnT-Jk', '029983a5-a287-4659-83c1-d68371c3c39d', 'refresh', '2024-04-18 06:03:25', 0, '2024-03-19 06:03:25', '2024-03-19 06:03:25'),
(602, 'eyJhbGciOiJIUzI1NiIsInR5cCI6IkpXVCJ9.eyJzdWIiOiJhZTdiMTE4ZC03MjRlLTRkZGQtYjY4NS05ZmYyMzI1MWFiMmQiLCJpYXQiOjE3MTA4Mjg1NzQsImV4cCI6MTcxMzQyMDU3NCwidHlwZSI6InJlZnJlc2gifQ.xQs8VvIYoJREmJemc1LWFKnlhWqNgsjMo-vgAzMp4uA', 'ae7b118d-724e-4ddd-b685-9ff23251ab2d', 'refresh', '2024-04-18 06:09:34', 0, '2024-03-19 06:09:34', '2024-03-19 06:09:34'),
(604, 'eyJhbGciOiJIUzI1NiIsInR5cCI6IkpXVCJ9.eyJzdWIiOiI3NDcxYzBlNi1iODE0LTQ2MGYtODYyZS05NzlmMTk2ZDIxODYiLCJpYXQiOjE3MTA4Mjg2MjMsImV4cCI6MTcxMzQyMDYyMywidHlwZSI6InJlZnJlc2gifQ.I5SMa4THsObcEnWewkNMSEAgwpS7fIn5QDvz0C6n_vo', '7471c0e6-b814-460f-862e-979f196d2186', 'refresh', '2024-04-18 06:10:23', 0, '2024-03-19 06:10:23', '2024-03-19 06:10:23'),
(606, 'eyJhbGciOiJIUzI1NiIsInR5cCI6IkpXVCJ9.eyJzdWIiOiI0ZTA0NjgzNC1mNDZjLTRhODAtYTNiYy1kZGQwNTk3NTc2YjciLCJpYXQiOjE3MTA4MjkwMTUsImV4cCI6MTcxMzQyMTAxNSwidHlwZSI6InJlZnJlc2gifQ.r5DC00El__nTp16y8kzmcvBLoCQDx5FUteBnZFxQ8Jw', '4e046834-f46c-4a80-a3bc-ddd0597576b7', 'refresh', '2024-04-18 06:16:55', 0, '2024-03-19 06:16:55', '2024-03-19 06:16:55'),
(608, 'eyJhbGciOiJIUzI1NiIsInR5cCI6IkpXVCJ9.eyJzdWIiOiJjY2JhMmQwNC00YzAwLTQxMmEtOTNhZC1jMzFhZjhjZmNjY2QiLCJpYXQiOjE3MTA4MjkwOTQsImV4cCI6MTcxMzQyMTA5NCwidHlwZSI6InJlZnJlc2gifQ.Xh2NdO2-d-kBZSa_9RAxWpNZ2EG9Txssomj_myiStnM', 'ccba2d04-4c00-412a-93ad-c31af8cfcccd', 'refresh', '2024-04-18 06:18:14', 0, '2024-03-19 06:18:14', '2024-03-19 06:18:14'),
(610, 'eyJhbGciOiJIUzI1NiIsInR5cCI6IkpXVCJ9.eyJzdWIiOiJmZjI5OTQzZS1kYmZkLTRmZmItOTA3Mi01ODhmMTA4NDViNzQiLCJpYXQiOjE3MTA4MjkzNjEsImV4cCI6MTcxMzQyMTM2MSwidHlwZSI6InJlZnJlc2gifQ.ZeU2v4e9_lkYGXBOTArdDAh2sFvou3nXuAsC0ugdhis', 'ff29943e-dbfd-4ffb-9072-588f10845b74', 'refresh', '2024-04-18 06:22:41', 0, '2024-03-19 06:22:41', '2024-03-19 06:22:41'),
(612, 'eyJhbGciOiJIUzI1NiIsInR5cCI6IkpXVCJ9.eyJzdWIiOiI3NDRhYjZjOC1jODQ2LTRjOTAtOWI0Zi1iOTU4MTcxOTk5YjgiLCJpYXQiOjE3MTA4Mjk2MTksImV4cCI6MTcxMzQyMTYxOSwidHlwZSI6InJlZnJlc2gifQ.ztua46rNj9Dp1eoBxncHOv0nJ9JxkR5TPQbUGMxsbSA', '744ab6c8-c846-4c90-9b4f-b958171999b8', 'refresh', '2024-04-18 06:26:59', 0, '2024-03-19 06:26:59', '2024-03-19 06:26:59'),
(614, 'eyJhbGciOiJIUzI1NiIsInR5cCI6IkpXVCJ9.eyJzdWIiOiI1Yzc5YTljZC00N2E4LTRlNTktOTBlMS1lMmUwNGFjOWFhOTQiLCJpYXQiOjE3MTA4MzE2MzMsImV4cCI6MTcxMzQyMzYzMywidHlwZSI6InJlZnJlc2gifQ.04Prq_AzFQHdUqIzn8g9W4XA9xhEV09HruZafWxg-TM', '5c79a9cd-47a8-4e59-90e1-e2e04ac9aa94', 'refresh', '2024-04-18 07:00:33', 0, '2024-03-19 07:00:33', '2024-03-19 07:00:33'),
(616, 'eyJhbGciOiJIUzI1NiIsInR5cCI6IkpXVCJ9.eyJzdWIiOiJmOGVmNGVkMC0xMGY3LTQxZjMtYTE2MS1jZjJkZTAzY2NjMjciLCJpYXQiOjE3MTA4MzE3MDgsImV4cCI6MTcxMzQyMzcwOCwidHlwZSI6InJlZnJlc2gifQ.JCMQQPQVtCjkIqlnsmenKPgNGUYxV-T-jgfwrSkA_8M', 'f8ef4ed0-10f7-41f3-a161-cf2de03ccc27', 'refresh', '2024-04-18 07:01:48', 0, '2024-03-19 07:01:48', '2024-03-19 07:01:48'),
(618, 'eyJhbGciOiJIUzI1NiIsInR5cCI6IkpXVCJ9.eyJzdWIiOiJmZjI5OTQzZS1kYmZkLTRmZmItOTA3Mi01ODhmMTA4NDViNzQiLCJpYXQiOjE3MTA4MzE3MzUsImV4cCI6MTcxMzQyMzczNSwidHlwZSI6InJlZnJlc2gifQ.Gkx85wQBVVKKIIlZTvGi-VYCZvOtIZrffb8k0czZPBg', 'ff29943e-dbfd-4ffb-9072-588f10845b74', 'refresh', '2024-04-18 07:02:15', 0, '2024-03-19 07:02:15', '2024-03-19 07:02:15'),
(620, 'eyJhbGciOiJIUzI1NiIsInR5cCI6IkpXVCJ9.eyJzdWIiOiJhMWQ3YzI1Mi0xNTE1LTRmMmYtODc3Zi1mZWNlZjAwZWRlNDQiLCJpYXQiOjE3MTA4MzIyODgsImV4cCI6MTcxMzQyNDI4OCwidHlwZSI6InJlZnJlc2gifQ.WkcHS4g8LbgQRLk9O7_IHbHtqfR3zbcVo26f1Q3twmI', 'a1d7c252-1515-4f2f-877f-fecef00ede44', 'refresh', '2024-04-18 07:11:28', 0, '2024-03-19 07:11:28', '2024-03-19 07:11:28'),
(622, 'eyJhbGciOiJIUzI1NiIsInR5cCI6IkpXVCJ9.eyJzdWIiOiJhODhjMTE0ZC03NWEwLTRhOGMtYTA2OC05OTVkMTU5ODc5N2YiLCJpYXQiOjE3MTA4MzI1NDksImV4cCI6MTcxMzQyNDU0OSwidHlwZSI6InJlZnJlc2gifQ.tPVakr0f2WY31iE5ksq5DdJ_Yw09ncugANCrwPMnMqk', 'a88c114d-75a0-4a8c-a068-995d1598797f', 'refresh', '2024-04-18 07:15:49', 0, '2024-03-19 07:15:49', '2024-03-19 07:15:49'),
(624, 'eyJhbGciOiJIUzI1NiIsInR5cCI6IkpXVCJ9.eyJzdWIiOiI1NDUzNzQzNC0yOThmLTQ5OTAtOTdkZC1lNTJhOGMzYWVjZTUiLCJpYXQiOjE3MTA4MzI3MjcsImV4cCI6MTcxMzQyNDcyNywidHlwZSI6InJlZnJlc2gifQ.Eq8D8lw_93wVV3zaCsrNQYswotX95e_S0b3YhPN-MfQ', '54537434-298f-4990-97dd-e52a8c3aece5', 'refresh', '2024-04-18 07:18:47', 0, '2024-03-19 07:18:47', '2024-03-19 07:18:47'),
(626, 'eyJhbGciOiJIUzI1NiIsInR5cCI6IkpXVCJ9.eyJzdWIiOiI5N2Q2MGMxNy0yZTE2LTQ2MmUtOGZjYi04NGRhMmMwNjgwNTgiLCJpYXQiOjE3MTA4MzMwNTMsImV4cCI6MTcxMzQyNTA1MywidHlwZSI6InJlZnJlc2gifQ.MEYBC4LJr4RebczCTY0MAghXWMl-9ynFdKzzSFimQn4', '97d60c17-2e16-462e-8fcb-84da2c068058', 'refresh', '2024-04-18 07:24:13', 0, '2024-03-19 07:24:13', '2024-03-19 07:24:13'),
(628, 'eyJhbGciOiJIUzI1NiIsInR5cCI6IkpXVCJ9.eyJzdWIiOiIxNzY3MGEwNi1kZTM5LTRjMDktYTFmYi02NmEyZjVkNGVkNWMiLCJpYXQiOjE3MTA4MzMwOTYsImV4cCI6MTcxMzQyNTA5NiwidHlwZSI6InJlZnJlc2gifQ.uYFtrpAjLhZ2VSLVzVIvkK-gt1wb9KNHJJ-v1h8RMAo', '17670a06-de39-4c09-a1fb-66a2f5d4ed5c', 'refresh', '2024-04-18 07:24:56', 0, '2024-03-19 07:24:56', '2024-03-19 07:24:56'),
(630, 'eyJhbGciOiJIUzI1NiIsInR5cCI6IkpXVCJ9.eyJzdWIiOiJjYTg2M2UwMC1jNzFjLTQwZmItYmQzNC1iYTBhZGUyNTZkNTQiLCJpYXQiOjE3MTA4MzMyMTQsImV4cCI6MTcxMzQyNTIxNCwidHlwZSI6InJlZnJlc2gifQ.jYnElS9QYn9AEJGeVverlq5EUvtexPHhhhHstD_hsaw', 'ca863e00-c71c-40fb-bd34-ba0ade256d54', 'refresh', '2024-04-18 07:26:54', 0, '2024-03-19 07:26:54', '2024-03-19 07:26:54'),
(632, 'eyJhbGciOiJIUzI1NiIsInR5cCI6IkpXVCJ9.eyJzdWIiOiIzNmE0OTU2Ny1mMjQ2LTQ5MWItYTk1YS1lNzkyOGM1ODBkNTciLCJpYXQiOjE3MTA4MzMyNTYsImV4cCI6MTcxMzQyNTI1NiwidHlwZSI6InJlZnJlc2gifQ.xDi709Q8iEykbR0_t0RqFdxE-yaTtMPdlel_GizlBY0', '36a49567-f246-491b-a95a-e7928c580d57', 'refresh', '2024-04-18 07:27:36', 0, '2024-03-19 07:27:36', '2024-03-19 07:27:36'),
(634, 'eyJhbGciOiJIUzI1NiIsInR5cCI6IkpXVCJ9.eyJzdWIiOiIzM2MyYTgxOC1hMmYwLTRlYjctOTkzMS1hNjc5YjY1YWRiYTkiLCJpYXQiOjE3MTA4MzMzMzgsImV4cCI6MTcxMzQyNTMzOCwidHlwZSI6InJlZnJlc2gifQ.vr2GswyJ0CenXCF-KyGsifPpLmd_RJqv1LE_Og2Sgmc', '33c2a818-a2f0-4eb7-9931-a679b65adba9', 'refresh', '2024-04-18 07:28:58', 0, '2024-03-19 07:28:58', '2024-03-19 07:28:58'),
(636, 'eyJhbGciOiJIUzI1NiIsInR5cCI6IkpXVCJ9.eyJzdWIiOiJkOTYxOGE3Ny01MGE3LTRkNWUtYjc0OC0wYjI4MjM1MWQ2MTciLCJpYXQiOjE3MTA4MzM0ODksImV4cCI6MTcxMzQyNTQ4OSwidHlwZSI6InJlZnJlc2gifQ.B4hz9xdKtxC9ovdsNUVcCBV_vv52sZmZcPob0e2vHlY', 'd9618a77-50a7-4d5e-b748-0b282351d617', 'refresh', '2024-04-18 07:31:29', 0, '2024-03-19 07:31:29', '2024-03-19 07:31:29'),
(638, 'eyJhbGciOiJIUzI1NiIsInR5cCI6IkpXVCJ9.eyJzdWIiOiI3MzllODJjMi02MDE2LTRkYzQtYmQ0Mi0zNTZkZDc1ZmRkMWUiLCJpYXQiOjE3MTA4MzM2NjQsImV4cCI6MTcxMzQyNTY2NCwidHlwZSI6InJlZnJlc2gifQ.7Rp1gOmWhPIWaR07wHWbIJ6obnewdvwDsteSrBizgos', '739e82c2-6016-4dc4-bd42-356dd75fdd1e', 'refresh', '2024-04-18 07:34:24', 0, '2024-03-19 07:34:24', '2024-03-19 07:34:24'),
(640, 'eyJhbGciOiJIUzI1NiIsInR5cCI6IkpXVCJ9.eyJzdWIiOiJjNGQ2ZDkxOC0xNDI4LTQ1MzAtYmU0Yy04ZWYyMzk4ZDUxMTYiLCJpYXQiOjE3MTA4Mzc5NzIsImV4cCI6MTcxMzQyOTk3MiwidHlwZSI6InJlZnJlc2gifQ.WqTSJ3eBxRwKAYEILPQwJ9kOAfbqFahm8oGXfEpBL_M', 'c4d6d918-1428-4530-be4c-8ef2398d5116', 'refresh', '2024-04-18 08:46:12', 0, '2024-03-19 08:46:12', '2024-03-19 08:46:12'),
(642, 'eyJhbGciOiJIUzI1NiIsInR5cCI6IkpXVCJ9.eyJzdWIiOiIyZTE3ODUzOC01N2ZiLTQ0NDAtOGIxNS1iMmVmNWNmMjM4NDIiLCJpYXQiOjE3MTA4MzgwMDIsImV4cCI6MTcxMzQzMDAwMiwidHlwZSI6InJlZnJlc2gifQ.w6hKBzKpR6paJHuzzHP-ghEzTeEE33f-J57_DUqLm0o', '2e178538-57fb-4440-8b15-b2ef5cf23842', 'refresh', '2024-04-18 08:46:42', 0, '2024-03-19 08:46:42', '2024-03-19 08:46:42'),
(644, 'eyJhbGciOiJIUzI1NiIsInR5cCI6IkpXVCJ9.eyJzdWIiOiJkYmVhNGM2NC05OGRiLTQ4NmQtOGJkMS1mMDUwM2E0OTE3ZDMiLCJpYXQiOjE3MTA4Mzg0OTIsImV4cCI6MTcxMzQzMDQ5MiwidHlwZSI6InJlZnJlc2gifQ.5yxomZjt5o1-zOmwXrBPcQzIpazK5bkU1sF3nfHYabk', 'dbea4c64-98db-486d-8bd1-f0503a4917d3', 'refresh', '2024-04-18 08:54:52', 0, '2024-03-19 08:54:52', '2024-03-19 08:54:52'),
(646, 'eyJhbGciOiJIUzI1NiIsInR5cCI6IkpXVCJ9.eyJzdWIiOiIxZGI4YTE5Yi05NWVmLTRhODEtOTkxNy0wMDgyZmQ3YmFiZjUiLCJpYXQiOjE3MTA4Mzg2NTYsImV4cCI6MTcxMzQzMDY1NiwidHlwZSI6InJlZnJlc2gifQ.Rd7h3VFFwF_K7MA_EhDFw7ncC6LnehqAT4VoTAGonfQ', '1db8a19b-95ef-4a81-9917-0082fd7babf5', 'refresh', '2024-04-18 08:57:36', 0, '2024-03-19 08:57:36', '2024-03-19 08:57:36'),
(648, 'eyJhbGciOiJIUzI1NiIsInR5cCI6IkpXVCJ9.eyJzdWIiOiJmZjI5OTQzZS1kYmZkLTRmZmItOTA3Mi01ODhmMTA4NDViNzQiLCJpYXQiOjE3MTA4Mzg2NzMsImV4cCI6MTcxMzQzMDY3MywidHlwZSI6InJlZnJlc2gifQ.ylsNmo_R8A-HI1xUeinRsog0eVO87gXULn4vfTFgz3Y', 'ff29943e-dbfd-4ffb-9072-588f10845b74', 'refresh', '2024-04-18 08:57:53', 0, '2024-03-19 08:57:53', '2024-03-19 08:57:53'),
(650, 'eyJhbGciOiJIUzI1NiIsInR5cCI6IkpXVCJ9.eyJzdWIiOiJlMGU2YjI2Yi01ZGM3LTQ1NmMtOWEzYy1mZmM5YWNjOWYxM2YiLCJpYXQiOjE3MTA4Mzk1NDcsImV4cCI6MTcxMzQzMTU0NywidHlwZSI6InJlZnJlc2gifQ.N9X_u2BuwWeNDI6FnmLnONPvVWNqF5dx12sqJdDGfyo', 'e0e6b26b-5dc7-456c-9a3c-ffc9acc9f13f', 'refresh', '2024-04-18 09:12:27', 0, '2024-03-19 09:12:27', '2024-03-19 09:12:27'),
(652, 'eyJhbGciOiJIUzI1NiIsInR5cCI6IkpXVCJ9.eyJzdWIiOiJhODhjMTE0ZC03NWEwLTRhOGMtYTA2OC05OTVkMTU5ODc5N2YiLCJpYXQiOjE3MTA4NDUxNTEsImV4cCI6MTcxMzQzNzE1MSwidHlwZSI6InJlZnJlc2gifQ.TmkDLfmm9KCBnq_Ud_LntNz-AsdNBE9kSzvzCUiGvoo', 'a88c114d-75a0-4a8c-a068-995d1598797f', 'refresh', '2024-04-18 10:45:51', 0, '2024-03-19 10:45:51', '2024-03-19 10:45:51'),
(654, 'eyJhbGciOiJIUzI1NiIsInR5cCI6IkpXVCJ9.eyJzdWIiOiJlMGU2YjI2Yi01ZGM3LTQ1NmMtOWEzYy1mZmM5YWNjOWYxM2YiLCJpYXQiOjE3MTA5MTA0ODQsImV4cCI6MTcxMzUwMjQ4NCwidHlwZSI6InJlZnJlc2gifQ.v3hZ1LKnM8dySvoMV6QqasYjHXlAs0m6jj1WEi0aQkw', 'e0e6b26b-5dc7-456c-9a3c-ffc9acc9f13f', 'refresh', '2024-04-19 04:54:44', 0, '2024-03-20 04:54:44', '2024-03-20 04:54:44'),
(656, 'eyJhbGciOiJIUzI1NiIsInR5cCI6IkpXVCJ9.eyJzdWIiOiJjNGQ2ZDkxOC0xNDI4LTQ1MzAtYmU0Yy04ZWYyMzk4ZDUxMTYiLCJpYXQiOjE3MTA5MTA4OTUsImV4cCI6MTcxMzUwMjg5NSwidHlwZSI6InJlZnJlc2gifQ.AtxpNn0mSSGFZEX3qK7wRrCGUZvWcuXQu6Y6tijiLf4', 'c4d6d918-1428-4530-be4c-8ef2398d5116', 'refresh', '2024-04-19 05:01:35', 0, '2024-03-20 05:01:35', '2024-03-20 05:01:35'),
(658, 'eyJhbGciOiJIUzI1NiIsInR5cCI6IkpXVCJ9.eyJzdWIiOiJkNGZjODkyNy05ZjVlLTQ5OWQtYTFlNC05ODg3YWFiODY5NzgiLCJpYXQiOjE3MTA5MTE1NzEsImV4cCI6MTcxMzUwMzU3MSwidHlwZSI6InJlZnJlc2gifQ.4hV4ZBtGeOFpaVY6aCUhmTyFOsUGuuhGsB3dxCXNpOU', 'd4fc8927-9f5e-499d-a1e4-9887aab86978', 'refresh', '2024-04-19 05:12:51', 0, '2024-03-20 05:12:51', '2024-03-20 05:12:51'),
(660, 'eyJhbGciOiJIUzI1NiIsInR5cCI6IkpXVCJ9.eyJzdWIiOiJjNGQ2ZDkxOC0xNDI4LTQ1MzAtYmU0Yy04ZWYyMzk4ZDUxMTYiLCJpYXQiOjE3MTA5MTE3NzksImV4cCI6MTcxMzUwMzc3OSwidHlwZSI6InJlZnJlc2gifQ.J0eAo2EsD3p1NQBAYAKBQiQEZ3FVLUyVdVxG4FWaOAk', 'c4d6d918-1428-4530-be4c-8ef2398d5116', 'refresh', '2024-04-19 05:16:19', 0, '2024-03-20 05:16:19', '2024-03-20 05:16:19'),
(662, 'eyJhbGciOiJIUzI1NiIsInR5cCI6IkpXVCJ9.eyJzdWIiOiJmZjI5OTQzZS1kYmZkLTRmZmItOTA3Mi01ODhmMTA4NDViNzQiLCJpYXQiOjE3MTA5MjU0MDEsImV4cCI6MTcxMzUxNzQwMSwidHlwZSI6InJlZnJlc2gifQ.8h3q3FIwarI9ehqWlAk8dPUoxyjY_GxZ3s6oATQP1CY', 'ff29943e-dbfd-4ffb-9072-588f10845b74', 'refresh', '2024-04-19 09:03:21', 0, '2024-03-20 09:03:21', '2024-03-20 09:03:21'),
(664, 'eyJhbGciOiJIUzI1NiIsInR5cCI6IkpXVCJ9.eyJzdWIiOiJjNGQ2ZDkxOC0xNDI4LTQ1MzAtYmU0Yy04ZWYyMzk4ZDUxMTYiLCJpYXQiOjE3MTA5MjYxNTEsImV4cCI6MTcxMzUxODE1MSwidHlwZSI6InJlZnJlc2gifQ.Ss6BQx6sX_sIM3hquizfDVIgH3GrgEAEgN5UA0_PdI0', 'c4d6d918-1428-4530-be4c-8ef2398d5116', 'refresh', '2024-04-19 09:15:51', 0, '2024-03-20 09:15:51', '2024-03-20 09:15:51'),
(666, 'eyJhbGciOiJIUzI1NiIsInR5cCI6IkpXVCJ9.eyJzdWIiOiJjNGQ2ZDkxOC0xNDI4LTQ1MzAtYmU0Yy04ZWYyMzk4ZDUxMTYiLCJpYXQiOjE3MTA5MjYyNTksImV4cCI6MTcxMzUxODI1OSwidHlwZSI6InJlZnJlc2gifQ.hOZr9PjhGRo3lvN1IT8uLKZKgi38NmXFUJzhmUdkpbw', 'c4d6d918-1428-4530-be4c-8ef2398d5116', 'refresh', '2024-04-19 09:17:39', 0, '2024-03-20 09:17:39', '2024-03-20 09:17:39'),
(668, 'eyJhbGciOiJIUzI1NiIsInR5cCI6IkpXVCJ9.eyJzdWIiOiI0MmUwZDRlYy0zZWYzLTQ1OTgtODJmZi1kZDljMDI2NmVmN2QiLCJpYXQiOjE3MTA5MzcwNTMsImV4cCI6MTcxMzUyOTA1MywidHlwZSI6InJlZnJlc2gifQ.II4klUOoPhGu9K1H3Ap8Xip4iHee9tT7j9b853LIZ10', '42e0d4ec-3ef3-4598-82ff-dd9c0266ef7d', 'refresh', '2024-04-19 12:17:33', 0, '2024-03-20 12:17:33', '2024-03-20 12:17:33'),
(670, 'eyJhbGciOiJIUzI1NiIsInR5cCI6IkpXVCJ9.eyJzdWIiOiJjNGQ2ZDkxOC0xNDI4LTQ1MzAtYmU0Yy04ZWYyMzk4ZDUxMTYiLCJpYXQiOjE3MTA5MzcyNDYsImV4cCI6MTcxMzUyOTI0NiwidHlwZSI6InJlZnJlc2gifQ.dOTRCcF2m4-1MXBdXE1KV_QN41rTaqRq1FtE1GVuhQ8', 'c4d6d918-1428-4530-be4c-8ef2398d5116', 'refresh', '2024-04-19 12:20:46', 0, '2024-03-20 12:20:46', '2024-03-20 12:20:46'),
(672, 'eyJhbGciOiJIUzI1NiIsInR5cCI6IkpXVCJ9.eyJzdWIiOiJmZjI5OTQzZS1kYmZkLTRmZmItOTA3Mi01ODhmMTA4NDViNzQiLCJpYXQiOjE3MTA5MzczNTMsImV4cCI6MTcxMzUyOTM1MywidHlwZSI6InJlZnJlc2gifQ.xjB5EVH-kiLAn0ygsNoew7x8RpGYlqOf97AFpUdTa9o', 'ff29943e-dbfd-4ffb-9072-588f10845b74', 'refresh', '2024-04-19 12:22:33', 0, '2024-03-20 12:22:33', '2024-03-20 12:22:33'),
(674, 'eyJhbGciOiJIUzI1NiIsInR5cCI6IkpXVCJ9.eyJzdWIiOiJmZjI5OTQzZS1kYmZkLTRmZmItOTA3Mi01ODhmMTA4NDViNzQiLCJpYXQiOjE3MTA5Mzc0OTQsImV4cCI6MTcxMzUyOTQ5NCwidHlwZSI6InJlZnJlc2gifQ.YUxkV4YvgNgzYEJ99l_spgr1LGDgkCeuicObZE0u9g0', 'ff29943e-dbfd-4ffb-9072-588f10845b74', 'refresh', '2024-04-19 12:24:54', 0, '2024-03-20 12:24:54', '2024-03-20 12:24:54'),
(676, 'eyJhbGciOiJIUzI1NiIsInR5cCI6IkpXVCJ9.eyJzdWIiOiJmZjI5OTQzZS1kYmZkLTRmZmItOTA3Mi01ODhmMTA4NDViNzQiLCJpYXQiOjE3MTA5Mzg2NTksImV4cCI6MTcxMzUzMDY1OSwidHlwZSI6InJlZnJlc2gifQ.pJC_6c-gEw2IIYcQvTZntIaStACVoK_i_ttIMYVgrhk', 'ff29943e-dbfd-4ffb-9072-588f10845b74', 'refresh', '2024-04-19 12:44:19', 0, '2024-03-20 12:44:19', '2024-03-20 12:44:19'),
(678, 'eyJhbGciOiJIUzI1NiIsInR5cCI6IkpXVCJ9.eyJzdWIiOiJlMGU2YjI2Yi01ZGM3LTQ1NmMtOWEzYy1mZmM5YWNjOWYxM2YiLCJpYXQiOjE3MTA5Mzg2NzIsImV4cCI6MTcxMzUzMDY3MiwidHlwZSI6InJlZnJlc2gifQ.nXYovT52dU8X4J8sAP5lFVq21rbNaqjF1aL039hCl-E', 'e0e6b26b-5dc7-456c-9a3c-ffc9acc9f13f', 'refresh', '2024-04-19 12:44:32', 0, '2024-03-20 12:44:32', '2024-03-20 12:44:32'),
(680, 'eyJhbGciOiJIUzI1NiIsInR5cCI6IkpXVCJ9.eyJzdWIiOiIyNTg2MWY0Zi1jYjUyLTRiYzgtOTY1NS1lZjU1NTY5ZTFhNjgiLCJpYXQiOjE3MTA5OTk0NDQsImV4cCI6MTcxMzU5MTQ0NCwidHlwZSI6InJlZnJlc2gifQ.1ApPw8k0lO_hhfGf3YtsM8Hodgrb7j0zSf4BiXNTPcA', '25861f4f-cb52-4bc8-9655-ef55569e1a68', 'refresh', '2024-04-20 05:37:24', 0, '2024-03-21 05:37:24', '2024-03-21 05:37:24'),
(682, 'eyJhbGciOiJIUzI1NiIsInR5cCI6IkpXVCJ9.eyJzdWIiOiI4MmUxMDI2ZS03ZDFlLTQ0ZjYtOTkzMS03MGI5Y2MxZmNkMjEiLCJpYXQiOjE3MTEwMDEyNTksImV4cCI6MTcxMzU5MzI1OSwidHlwZSI6InJlZnJlc2gifQ.IJr9S_ptBqtvjWC9SiQtbtSOMFFWelq_WUxODGzlBDM', '82e1026e-7d1e-44f6-9931-70b9cc1fcd21', 'refresh', '2024-04-20 06:07:39', 0, '2024-03-21 06:07:39', '2024-03-21 06:07:39'),
(684, 'eyJhbGciOiJIUzI1NiIsInR5cCI6IkpXVCJ9.eyJzdWIiOiI2ZWFiYzM5Mi03YzEyLTRhOTktYjk5OS00YTNiODNmNDE4OTAiLCJpYXQiOjE3MTEwMDE3MzksImV4cCI6MTcxMzU5MzczOSwidHlwZSI6InJlZnJlc2gifQ.8jYl-5O5T8Z9PXBT_4Qj8XU53CS82kA0s8cb2XvlDmA', '6eabc392-7c12-4a99-b999-4a3b83f41890', 'refresh', '2024-04-20 06:15:39', 0, '2024-03-21 06:15:39', '2024-03-21 06:15:39'),
(686, 'eyJhbGciOiJIUzI1NiIsInR5cCI6IkpXVCJ9.eyJzdWIiOiJmMjQ1MmJkZS1lNjEzLTQzYTYtOTAxMy1jZjZkM2FkMWI3ZTAiLCJpYXQiOjE3MTEwMDI2NzEsImV4cCI6MTcxMzU5NDY3MSwidHlwZSI6InJlZnJlc2gifQ.oFwyzymIZ9o93SJF62IOuGPiJXdxxJTz6xjCRzakcgQ', 'f2452bde-e613-43a6-9013-cf6d3ad1b7e0', 'refresh', '2024-04-20 06:31:11', 0, '2024-03-21 06:31:11', '2024-03-21 06:31:11'),
(688, 'eyJhbGciOiJIUzI1NiIsInR5cCI6IkpXVCJ9.eyJzdWIiOiI3ZTAzMzRkMS1jZGY0LTQwOWMtYjg4Zi1kYmU5MjUxMWE2YzMiLCJpYXQiOjE3MTEwMDQxNjQsImV4cCI6MTcxMzU5NjE2NCwidHlwZSI6InJlZnJlc2gifQ.rEIlkc05ZGfknoRqqxnLVMZOiIcNiPfUBNlvS9xejis', '7e0334d1-cdf4-409c-b88f-dbe92511a6c3', 'refresh', '2024-04-20 06:56:04', 0, '2024-03-21 06:56:04', '2024-03-21 06:56:04'),
(690, 'eyJhbGciOiJIUzI1NiIsInR5cCI6IkpXVCJ9.eyJzdWIiOiI2MTJkZmNmNi01YzFhLTQ5ZmItODBlNi1kZDUxMDlhMTI2NTciLCJpYXQiOjE3MTEwMDQyNDgsImV4cCI6MTcxMzU5NjI0OCwidHlwZSI6InJlZnJlc2gifQ.D4AegrpSA2EAzMQEShRPF0swpEy9UA9fFp6pJIo4nTU', '612dfcf6-5c1a-49fb-80e6-dd5109a12657', 'refresh', '2024-04-20 06:57:28', 0, '2024-03-21 06:57:28', '2024-03-21 06:57:28'),
(692, 'eyJhbGciOiJIUzI1NiIsInR5cCI6IkpXVCJ9.eyJzdWIiOiIzZTY3NGZjNy1jOWM1LTQ1OGEtYWIwMS1kMWQ3NjAyNzk5OWUiLCJpYXQiOjE3MTEwMDQ1NjgsImV4cCI6MTcxMzU5NjU2OCwidHlwZSI6InJlZnJlc2gifQ.rlJJDt1uE34UTArSwlfmzFEYt_mqlUw7hjerHtn7ISs', '3e674fc7-c9c5-458a-ab01-d1d76027999e', 'refresh', '2024-04-20 07:02:48', 0, '2024-03-21 07:02:48', '2024-03-21 07:02:48'),
(694, 'eyJhbGciOiJIUzI1NiIsInR5cCI6IkpXVCJ9.eyJzdWIiOiJhYjBmMjAxNy0yYWIxLTQ2MzgtOTU4NS1mZTQzNGUwMmEwMTciLCJpYXQiOjE3MTEwMDQ2NTQsImV4cCI6MTcxMzU5NjY1NCwidHlwZSI6InJlZnJlc2gifQ.de1-qZqvO6wcn5joCl95LeCE6wWtZwvXKL-FygL-qZE', 'ab0f2017-2ab1-4638-9585-fe434e02a017', 'refresh', '2024-04-20 07:04:14', 0, '2024-03-21 07:04:14', '2024-03-21 07:04:14'),
(696, 'eyJhbGciOiJIUzI1NiIsInR5cCI6IkpXVCJ9.eyJzdWIiOiJmZjI5OTQzZS1kYmZkLTRmZmItOTA3Mi01ODhmMTA4NDViNzQiLCJpYXQiOjE3MTEwMDQ3MjcsImV4cCI6MTcxMzU5NjcyNywidHlwZSI6InJlZnJlc2gifQ.FmYemjXaS8N0c2HxR5bhxcZEWx2A976UyUXUnOXig6U', 'ff29943e-dbfd-4ffb-9072-588f10845b74', 'refresh', '2024-04-20 07:05:27', 0, '2024-03-21 07:05:27', '2024-03-21 07:05:27'),
(698, 'eyJhbGciOiJIUzI1NiIsInR5cCI6IkpXVCJ9.eyJzdWIiOiJmZjI5OTQzZS1kYmZkLTRmZmItOTA3Mi01ODhmMTA4NDViNzQiLCJpYXQiOjE3MTEwMDYyNzMsImV4cCI6MTcxMzU5ODI3MywidHlwZSI6InJlZnJlc2gifQ.CeUxsRNaS28NBsVDSbApJUZihgmARf5a3REtI5H59zs', 'ff29943e-dbfd-4ffb-9072-588f10845b74', 'refresh', '2024-04-20 07:31:13', 0, '2024-03-21 07:31:13', '2024-03-21 07:31:13'),
(700, 'eyJhbGciOiJIUzI1NiIsInR5cCI6IkpXVCJ9.eyJzdWIiOiJmZjI5OTQzZS1kYmZkLTRmZmItOTA3Mi01ODhmMTA4NDViNzQiLCJpYXQiOjE3MTEwMDYzMTgsImV4cCI6MTcxMzU5ODMxOCwidHlwZSI6InJlZnJlc2gifQ.-JiRERLrj1-j_uowaFpGVBQM2ceidCq7eN9GqO1aRKI', 'ff29943e-dbfd-4ffb-9072-588f10845b74', 'refresh', '2024-04-20 07:31:58', 0, '2024-03-21 07:31:58', '2024-03-21 07:31:58'),
(702, 'eyJhbGciOiJIUzI1NiIsInR5cCI6IkpXVCJ9.eyJzdWIiOiJmZjI5OTQzZS1kYmZkLTRmZmItOTA3Mi01ODhmMTA4NDViNzQiLCJpYXQiOjE3MTEwMDY3NzksImV4cCI6MTcxMzU5ODc3OSwidHlwZSI6InJlZnJlc2gifQ.o1dHoV_QoxYRCCl0WoKttnWiSNMfy7f04CMrW8crGjM', 'ff29943e-dbfd-4ffb-9072-588f10845b74', 'refresh', '2024-04-20 07:39:39', 0, '2024-03-21 07:39:39', '2024-03-21 07:39:39'),
(704, 'eyJhbGciOiJIUzI1NiIsInR5cCI6IkpXVCJ9.eyJzdWIiOiJmZjI5OTQzZS1kYmZkLTRmZmItOTA3Mi01ODhmMTA4NDViNzQiLCJpYXQiOjE3MTEwMDY4MDgsImV4cCI6MTcxMzU5ODgwOCwidHlwZSI6InJlZnJlc2gifQ.D25IHpiQdhMMOS9oQHAx29WzZFkpIFUv7KD5aAHcIYI', 'ff29943e-dbfd-4ffb-9072-588f10845b74', 'refresh', '2024-04-20 07:40:08', 0, '2024-03-21 07:40:08', '2024-03-21 07:40:08'),
(706, 'eyJhbGciOiJIUzI1NiIsInR5cCI6IkpXVCJ9.eyJzdWIiOiJmZjI5OTQzZS1kYmZkLTRmZmItOTA3Mi01ODhmMTA4NDViNzQiLCJpYXQiOjE3MTEwMDY5MDUsImV4cCI6MTcxMzU5ODkwNSwidHlwZSI6InJlZnJlc2gifQ.6xX7ALgrCYdmb0PiZlaXjknMHcgsFcz_0L-ClUyEeqA', 'ff29943e-dbfd-4ffb-9072-588f10845b74', 'refresh', '2024-04-20 07:41:45', 0, '2024-03-21 07:41:45', '2024-03-21 07:41:45'),
(708, 'eyJhbGciOiJIUzI1NiIsInR5cCI6IkpXVCJ9.eyJzdWIiOiJmZjI5OTQzZS1kYmZkLTRmZmItOTA3Mi01ODhmMTA4NDViNzQiLCJpYXQiOjE3MTEwMDY5NjUsImV4cCI6MTcxMzU5ODk2NSwidHlwZSI6InJlZnJlc2gifQ.iQ6DvF7DVI-XB6an2R4RNMFCeehrgR7ee9DvUvHyPd0', 'ff29943e-dbfd-4ffb-9072-588f10845b74', 'refresh', '2024-04-20 07:42:45', 0, '2024-03-21 07:42:45', '2024-03-21 07:42:45'),
(710, 'eyJhbGciOiJIUzI1NiIsInR5cCI6IkpXVCJ9.eyJzdWIiOiJmZjI5OTQzZS1kYmZkLTRmZmItOTA3Mi01ODhmMTA4NDViNzQiLCJpYXQiOjE3MTEwMDY5NzIsImV4cCI6MTcxMzU5ODk3MiwidHlwZSI6InJlZnJlc2gifQ.O249woIK1yHy2YBS57UV9EvtHf2BuADrbl95bVD6cXw', 'ff29943e-dbfd-4ffb-9072-588f10845b74', 'refresh', '2024-04-20 07:42:52', 0, '2024-03-21 07:42:52', '2024-03-21 07:42:52'),
(712, 'eyJhbGciOiJIUzI1NiIsInR5cCI6IkpXVCJ9.eyJzdWIiOiJmZjI5OTQzZS1kYmZkLTRmZmItOTA3Mi01ODhmMTA4NDViNzQiLCJpYXQiOjE3MTEwMDY5OTksImV4cCI6MTcxMzU5ODk5OSwidHlwZSI6InJlZnJlc2gifQ.jxflglO-uPl3QvOIL4PYhr78h-4DhaH9gZemRxyKysM', 'ff29943e-dbfd-4ffb-9072-588f10845b74', 'refresh', '2024-04-20 07:43:19', 0, '2024-03-21 07:43:19', '2024-03-21 07:43:19'),
(714, 'eyJhbGciOiJIUzI1NiIsInR5cCI6IkpXVCJ9.eyJzdWIiOiJmZjI5OTQzZS1kYmZkLTRmZmItOTA3Mi01ODhmMTA4NDViNzQiLCJpYXQiOjE3MTEwMDc2MzgsImV4cCI6MTcxMzU5OTYzOCwidHlwZSI6InJlZnJlc2gifQ.WF26q2gDOYPgRO-DP4JElnR0ovoVFkF5YJkgWDBLro8', 'ff29943e-dbfd-4ffb-9072-588f10845b74', 'refresh', '2024-04-20 07:53:58', 0, '2024-03-21 07:53:58', '2024-03-21 07:53:58'),
(716, 'eyJhbGciOiJIUzI1NiIsInR5cCI6IkpXVCJ9.eyJzdWIiOiJmZjI5OTQzZS1kYmZkLTRmZmItOTA3Mi01ODhmMTA4NDViNzQiLCJpYXQiOjE3MTEwMDc2NTEsImV4cCI6MTcxMzU5OTY1MSwidHlwZSI6InJlZnJlc2gifQ.PxTMIRwfZa9XvnhaydmIxtqA57joQvNqputGgdTZ1Gw', 'ff29943e-dbfd-4ffb-9072-588f10845b74', 'refresh', '2024-04-20 07:54:11', 0, '2024-03-21 07:54:11', '2024-03-21 07:54:11'),
(718, 'eyJhbGciOiJIUzI1NiIsInR5cCI6IkpXVCJ9.eyJzdWIiOiJmZjI5OTQzZS1kYmZkLTRmZmItOTA3Mi01ODhmMTA4NDViNzQiLCJpYXQiOjE3MTEwMDc3MzAsImV4cCI6MTcxMzU5OTczMCwidHlwZSI6InJlZnJlc2gifQ.m6Rx6dCKRKaV6jTwicgUfQpQPZW9YOtQTJsszs-OR4Y', 'ff29943e-dbfd-4ffb-9072-588f10845b74', 'refresh', '2024-04-20 07:55:30', 0, '2024-03-21 07:55:30', '2024-03-21 07:55:30'),
(720, 'eyJhbGciOiJIUzI1NiIsInR5cCI6IkpXVCJ9.eyJzdWIiOiJmZjI5OTQzZS1kYmZkLTRmZmItOTA3Mi01ODhmMTA4NDViNzQiLCJpYXQiOjE3MTEwMDc3NzUsImV4cCI6MTcxMzU5OTc3NSwidHlwZSI6InJlZnJlc2gifQ.TvUd0rMptRibfSsV14Rw9aHbCjhmb-jVhLKdgsIjBzI', 'ff29943e-dbfd-4ffb-9072-588f10845b74', 'refresh', '2024-04-20 07:56:15', 0, '2024-03-21 07:56:15', '2024-03-21 07:56:15'),
(722, 'eyJhbGciOiJIUzI1NiIsInR5cCI6IkpXVCJ9.eyJzdWIiOiJmZjI5OTQzZS1kYmZkLTRmZmItOTA3Mi01ODhmMTA4NDViNzQiLCJpYXQiOjE3MTEwMDc4OTUsImV4cCI6MTcxMzU5OTg5NSwidHlwZSI6InJlZnJlc2gifQ.a-mfvuZqR2qist9J53LQl4Y5Oi3WdbmfKZA-iyCqOF4', 'ff29943e-dbfd-4ffb-9072-588f10845b74', 'refresh', '2024-04-20 07:58:15', 0, '2024-03-21 07:58:15', '2024-03-21 07:58:15'),
(724, 'eyJhbGciOiJIUzI1NiIsInR5cCI6IkpXVCJ9.eyJzdWIiOiJmZjI5OTQzZS1kYmZkLTRmZmItOTA3Mi01ODhmMTA4NDViNzQiLCJpYXQiOjE3MTEwMDgwMTMsImV4cCI6MTcxMzYwMDAxMywidHlwZSI6InJlZnJlc2gifQ.0YrJ_X-UY1rY1aA3UR_C98OOeFjUfBMHuh1qSiO2vYY', 'ff29943e-dbfd-4ffb-9072-588f10845b74', 'refresh', '2024-04-20 08:00:13', 0, '2024-03-21 08:00:13', '2024-03-21 08:00:13'),
(726, 'eyJhbGciOiJIUzI1NiIsInR5cCI6IkpXVCJ9.eyJzdWIiOiJmZjI5OTQzZS1kYmZkLTRmZmItOTA3Mi01ODhmMTA4NDViNzQiLCJpYXQiOjE3MTEwMDgzNjIsImV4cCI6MTcxMzYwMDM2MiwidHlwZSI6InJlZnJlc2gifQ.VAcdV7xSK5pX8GHPOqPOZKngnfZgUFsnSfv6mGI2oMU', 'ff29943e-dbfd-4ffb-9072-588f10845b74', 'refresh', '2024-04-20 08:06:02', 0, '2024-03-21 08:06:02', '2024-03-21 08:06:02'),
(728, 'eyJhbGciOiJIUzI1NiIsInR5cCI6IkpXVCJ9.eyJzdWIiOiJmZjI5OTQzZS1kYmZkLTRmZmItOTA3Mi01ODhmMTA4NDViNzQiLCJpYXQiOjE3MTEwMDg4NDksImV4cCI6MTcxMzYwMDg0OSwidHlwZSI6InJlZnJlc2gifQ.RkEvJfDrhpbOZ0i3zwriflEe8Y_0kjftvQ2sQHG6H6E', 'ff29943e-dbfd-4ffb-9072-588f10845b74', 'refresh', '2024-04-20 08:14:09', 0, '2024-03-21 08:14:09', '2024-03-21 08:14:09'),
(730, 'eyJhbGciOiJIUzI1NiIsInR5cCI6IkpXVCJ9.eyJzdWIiOiJmZjI5OTQzZS1kYmZkLTRmZmItOTA3Mi01ODhmMTA4NDViNzQiLCJpYXQiOjE3MTEwMDg4OTQsImV4cCI6MTcxMzYwMDg5NCwidHlwZSI6InJlZnJlc2gifQ.5ONrAhE2XM2zu4JkvS_ShqmzBk38_-Bd9Bv5H9rQLkk', 'ff29943e-dbfd-4ffb-9072-588f10845b74', 'refresh', '2024-04-20 08:14:54', 0, '2024-03-21 08:14:54', '2024-03-21 08:14:54'),
(732, 'eyJhbGciOiJIUzI1NiIsInR5cCI6IkpXVCJ9.eyJzdWIiOiJmZjI5OTQzZS1kYmZkLTRmZmItOTA3Mi01ODhmMTA4NDViNzQiLCJpYXQiOjE3MTEwMDg5MDYsImV4cCI6MTcxMzYwMDkwNiwidHlwZSI6InJlZnJlc2gifQ.fdtDIx3taBk_UqVWAr_Svw_zc-59mzqtLd5wCB_lMAg', 'ff29943e-dbfd-4ffb-9072-588f10845b74', 'refresh', '2024-04-20 08:15:06', 0, '2024-03-21 08:15:06', '2024-03-21 08:15:06'),
(734, 'eyJhbGciOiJIUzI1NiIsInR5cCI6IkpXVCJ9.eyJzdWIiOiJmZjI5OTQzZS1kYmZkLTRmZmItOTA3Mi01ODhmMTA4NDViNzQiLCJpYXQiOjE3MTEwMDkwNzcsImV4cCI6MTcxMzYwMTA3NywidHlwZSI6InJlZnJlc2gifQ.7sU7cg9RG4DY2WpDdY-regUj-YcdwWZdo1fUfUhSlXo', 'ff29943e-dbfd-4ffb-9072-588f10845b74', 'refresh', '2024-04-20 08:17:57', 0, '2024-03-21 08:17:57', '2024-03-21 08:17:57'),
(736, 'eyJhbGciOiJIUzI1NiIsInR5cCI6IkpXVCJ9.eyJzdWIiOiJmZjI5OTQzZS1kYmZkLTRmZmItOTA3Mi01ODhmMTA4NDViNzQiLCJpYXQiOjE3MTEwMDkxNDUsImV4cCI6MTcxMzYwMTE0NSwidHlwZSI6InJlZnJlc2gifQ.Drvf2KnL1LaFnt91tyHOalyoKmwlw0aexq8eD_PtL9g', 'ff29943e-dbfd-4ffb-9072-588f10845b74', 'refresh', '2024-04-20 08:19:05', 0, '2024-03-21 08:19:05', '2024-03-21 08:19:05'),
(738, 'eyJhbGciOiJIUzI1NiIsInR5cCI6IkpXVCJ9.eyJzdWIiOiJmZjI5OTQzZS1kYmZkLTRmZmItOTA3Mi01ODhmMTA4NDViNzQiLCJpYXQiOjE3MTEwMDkyMTksImV4cCI6MTcxMzYwMTIxOSwidHlwZSI6InJlZnJlc2gifQ.iCI0a363MXnaL0mnIanDZwKLGpqMmZIGDXZ9cfc7fvI', 'ff29943e-dbfd-4ffb-9072-588f10845b74', 'refresh', '2024-04-20 08:20:19', 0, '2024-03-21 08:20:19', '2024-03-21 08:20:19'),
(740, 'eyJhbGciOiJIUzI1NiIsInR5cCI6IkpXVCJ9.eyJzdWIiOiJmZjI5OTQzZS1kYmZkLTRmZmItOTA3Mi01ODhmMTA4NDViNzQiLCJpYXQiOjE3MTEwMDk0NzMsImV4cCI6MTcxMzYwMTQ3MywidHlwZSI6InJlZnJlc2gifQ.qoq_3KtIZil9eMtSew9xv6g_wxdB6mrE9oaBq5W3x0s', 'ff29943e-dbfd-4ffb-9072-588f10845b74', 'refresh', '2024-04-20 08:24:33', 0, '2024-03-21 08:24:33', '2024-03-21 08:24:33'),
(742, 'eyJhbGciOiJIUzI1NiIsInR5cCI6IkpXVCJ9.eyJzdWIiOiJmZjI5OTQzZS1kYmZkLTRmZmItOTA3Mi01ODhmMTA4NDViNzQiLCJpYXQiOjE3MTEwMDk1NDEsImV4cCI6MTcxMzYwMTU0MSwidHlwZSI6InJlZnJlc2gifQ.H47KKS5bWZLvFCDZGGBP9KK4fdUQxBfc962Ld7zyQGE', 'ff29943e-dbfd-4ffb-9072-588f10845b74', 'refresh', '2024-04-20 08:25:41', 0, '2024-03-21 08:25:41', '2024-03-21 08:25:41'),
(744, 'eyJhbGciOiJIUzI1NiIsInR5cCI6IkpXVCJ9.eyJzdWIiOiJmZjI5OTQzZS1kYmZkLTRmZmItOTA3Mi01ODhmMTA4NDViNzQiLCJpYXQiOjE3MTEwMDk1NjMsImV4cCI6MTcxMzYwMTU2MywidHlwZSI6InJlZnJlc2gifQ.QFiXfcBAf8_LgfA72jVmdOHNAw5CvsRPM7Y9u5WRjhc', 'ff29943e-dbfd-4ffb-9072-588f10845b74', 'refresh', '2024-04-20 08:26:03', 0, '2024-03-21 08:26:03', '2024-03-21 08:26:03'),
(746, 'eyJhbGciOiJIUzI1NiIsInR5cCI6IkpXVCJ9.eyJzdWIiOiJmZjI5OTQzZS1kYmZkLTRmZmItOTA3Mi01ODhmMTA4NDViNzQiLCJpYXQiOjE3MTEwMDk3MzAsImV4cCI6MTcxMzYwMTczMCwidHlwZSI6InJlZnJlc2gifQ.YG2fCmPPDsfqRHbPsDTpfGVN5XKVRE49WlxkJocX9K8', 'ff29943e-dbfd-4ffb-9072-588f10845b74', 'refresh', '2024-04-20 08:28:50', 0, '2024-03-21 08:28:50', '2024-03-21 08:28:50'),
(748, 'eyJhbGciOiJIUzI1NiIsInR5cCI6IkpXVCJ9.eyJzdWIiOiJmZjI5OTQzZS1kYmZkLTRmZmItOTA3Mi01ODhmMTA4NDViNzQiLCJpYXQiOjE3MTEwMDk3ODgsImV4cCI6MTcxMzYwMTc4OCwidHlwZSI6InJlZnJlc2gifQ.cFaLVqAptro1zVBcNakeOa4MqTy0docKK1JTNvFHtSs', 'ff29943e-dbfd-4ffb-9072-588f10845b74', 'refresh', '2024-04-20 08:29:48', 0, '2024-03-21 08:29:48', '2024-03-21 08:29:48'),
(750, 'eyJhbGciOiJIUzI1NiIsInR5cCI6IkpXVCJ9.eyJzdWIiOiJmZjI5OTQzZS1kYmZkLTRmZmItOTA3Mi01ODhmMTA4NDViNzQiLCJpYXQiOjE3MTEwMDk4MzcsImV4cCI6MTcxMzYwMTgzNywidHlwZSI6InJlZnJlc2gifQ.h-qhnMLndkwun-UP-HjNzSOL948ttEsf3UiSEk_bf8A', 'ff29943e-dbfd-4ffb-9072-588f10845b74', 'refresh', '2024-04-20 08:30:37', 0, '2024-03-21 08:30:37', '2024-03-21 08:30:37'),
(752, 'eyJhbGciOiJIUzI1NiIsInR5cCI6IkpXVCJ9.eyJzdWIiOiJmZjI5OTQzZS1kYmZkLTRmZmItOTA3Mi01ODhmMTA4NDViNzQiLCJpYXQiOjE3MTEwMDk5MjQsImV4cCI6MTcxMzYwMTkyNCwidHlwZSI6InJlZnJlc2gifQ.ILjQ5z4EIMet1jWbmKSoXp_-jP7q0OGRC1qh3micxqA', 'ff29943e-dbfd-4ffb-9072-588f10845b74', 'refresh', '2024-04-20 08:32:04', 0, '2024-03-21 08:32:04', '2024-03-21 08:32:04');
INSERT INTO `tokens` (`id`, `token`, `user_uuid`, `type`, `expires`, `blacklisted`, `created_at`, `updated_at`) VALUES
(754, 'eyJhbGciOiJIUzI1NiIsInR5cCI6IkpXVCJ9.eyJzdWIiOiJmZjI5OTQzZS1kYmZkLTRmZmItOTA3Mi01ODhmMTA4NDViNzQiLCJpYXQiOjE3MTEwMTAyMDgsImV4cCI6MTcxMzYwMjIwOCwidHlwZSI6InJlZnJlc2gifQ.Flxou7xSrBoyeEOcMHsUftcoRZodDQkqNDQXL2K82u0', 'ff29943e-dbfd-4ffb-9072-588f10845b74', 'refresh', '2024-04-20 08:36:48', 0, '2024-03-21 08:36:48', '2024-03-21 08:36:48'),
(756, 'eyJhbGciOiJIUzI1NiIsInR5cCI6IkpXVCJ9.eyJzdWIiOiJmZjI5OTQzZS1kYmZkLTRmZmItOTA3Mi01ODhmMTA4NDViNzQiLCJpYXQiOjE3MTEwMTM1MzMsImV4cCI6MTcxMzYwNTUzMywidHlwZSI6InJlZnJlc2gifQ.Fq27KiMhyDja1HsC_tF21sKxd2B3Orqrrynjjhp6rXk', 'ff29943e-dbfd-4ffb-9072-588f10845b74', 'refresh', '2024-04-20 09:32:13', 0, '2024-03-21 09:32:13', '2024-03-21 09:32:13'),
(758, 'eyJhbGciOiJIUzI1NiIsInR5cCI6IkpXVCJ9.eyJzdWIiOiJmZjI5OTQzZS1kYmZkLTRmZmItOTA3Mi01ODhmMTA4NDViNzQiLCJpYXQiOjE3MTEwMTM2MDEsImV4cCI6MTcxMzYwNTYwMSwidHlwZSI6InJlZnJlc2gifQ.htYFjPbt0-Nn5tYComUyGNi7k8L7a_N_URBy8OiVlfU', 'ff29943e-dbfd-4ffb-9072-588f10845b74', 'refresh', '2024-04-20 09:33:21', 0, '2024-03-21 09:33:21', '2024-03-21 09:33:21'),
(760, 'eyJhbGciOiJIUzI1NiIsInR5cCI6IkpXVCJ9.eyJzdWIiOiJmZjI5OTQzZS1kYmZkLTRmZmItOTA3Mi01ODhmMTA4NDViNzQiLCJpYXQiOjE3MTEwMTM3NDQsImV4cCI6MTcxMzYwNTc0NCwidHlwZSI6InJlZnJlc2gifQ.i6w90mwIkvIkOyx3GSPKvLe9YIAvd5lgzFCOUmS3vhQ', 'ff29943e-dbfd-4ffb-9072-588f10845b74', 'refresh', '2024-04-20 09:35:44', 0, '2024-03-21 09:35:44', '2024-03-21 09:35:44'),
(762, 'eyJhbGciOiJIUzI1NiIsInR5cCI6IkpXVCJ9.eyJzdWIiOiJmZjI5OTQzZS1kYmZkLTRmZmItOTA3Mi01ODhmMTA4NDViNzQiLCJpYXQiOjE3MTEwMTM3NzksImV4cCI6MTcxMzYwNTc3OSwidHlwZSI6InJlZnJlc2gifQ.gAC2uIt6u2vvZOCFgjZGF-nzK7UVKlFsW_VZhPqPhNc', 'ff29943e-dbfd-4ffb-9072-588f10845b74', 'refresh', '2024-04-20 09:36:19', 0, '2024-03-21 09:36:19', '2024-03-21 09:36:19'),
(764, 'eyJhbGciOiJIUzI1NiIsInR5cCI6IkpXVCJ9.eyJzdWIiOiJmZjI5OTQzZS1kYmZkLTRmZmItOTA3Mi01ODhmMTA4NDViNzQiLCJpYXQiOjE3MTEwMTQwMDgsImV4cCI6MTcxMzYwNjAwOCwidHlwZSI6InJlZnJlc2gifQ.FSa69q5ReQD2v7PS9O3j70xQy3n2QG3wKHzrQGcZ5PA', 'ff29943e-dbfd-4ffb-9072-588f10845b74', 'refresh', '2024-04-20 09:40:08', 0, '2024-03-21 09:40:08', '2024-03-21 09:40:08'),
(766, 'eyJhbGciOiJIUzI1NiIsInR5cCI6IkpXVCJ9.eyJzdWIiOiJmZjI5OTQzZS1kYmZkLTRmZmItOTA3Mi01ODhmMTA4NDViNzQiLCJpYXQiOjE3MTEwMTQwNDksImV4cCI6MTcxMzYwNjA0OSwidHlwZSI6InJlZnJlc2gifQ.Tewwkd_pGF8gA66Ii_9c36jhnn9Yj4-D2mZZHheck9s', 'ff29943e-dbfd-4ffb-9072-588f10845b74', 'refresh', '2024-04-20 09:40:49', 0, '2024-03-21 09:40:49', '2024-03-21 09:40:49'),
(768, 'eyJhbGciOiJIUzI1NiIsInR5cCI6IkpXVCJ9.eyJzdWIiOiJmZjI5OTQzZS1kYmZkLTRmZmItOTA3Mi01ODhmMTA4NDViNzQiLCJpYXQiOjE3MTEwMTQxMTEsImV4cCI6MTcxMzYwNjExMSwidHlwZSI6InJlZnJlc2gifQ.0iM02CAWi3AZvzOHQCYZmVVy4pDUcrvaC--y-aKUhNE', 'ff29943e-dbfd-4ffb-9072-588f10845b74', 'refresh', '2024-04-20 09:41:51', 0, '2024-03-21 09:41:51', '2024-03-21 09:41:51'),
(770, 'eyJhbGciOiJIUzI1NiIsInR5cCI6IkpXVCJ9.eyJzdWIiOiJmZjI5OTQzZS1kYmZkLTRmZmItOTA3Mi01ODhmMTA4NDViNzQiLCJpYXQiOjE3MTEwMTQxMzksImV4cCI6MTcxMzYwNjEzOSwidHlwZSI6InJlZnJlc2gifQ.wWolOoMVrX5b946Jz9yWkwyLhYyRLUJbonj7u2QOoE0', 'ff29943e-dbfd-4ffb-9072-588f10845b74', 'refresh', '2024-04-20 09:42:19', 0, '2024-03-21 09:42:19', '2024-03-21 09:42:19'),
(772, 'eyJhbGciOiJIUzI1NiIsInR5cCI6IkpXVCJ9.eyJzdWIiOiJmZjI5OTQzZS1kYmZkLTRmZmItOTA3Mi01ODhmMTA4NDViNzQiLCJpYXQiOjE3MTEwMTQxOTAsImV4cCI6MTcxMzYwNjE5MCwidHlwZSI6InJlZnJlc2gifQ.EJm11EUUTTwdVfTyxMlasqhAZECQzgNddGTXm4CwgpU', 'ff29943e-dbfd-4ffb-9072-588f10845b74', 'refresh', '2024-04-20 09:43:10', 0, '2024-03-21 09:43:10', '2024-03-21 09:43:10'),
(774, 'eyJhbGciOiJIUzI1NiIsInR5cCI6IkpXVCJ9.eyJzdWIiOiJmZjI5OTQzZS1kYmZkLTRmZmItOTA3Mi01ODhmMTA4NDViNzQiLCJpYXQiOjE3MTEwMTQ0NDcsImV4cCI6MTcxMzYwNjQ0NywidHlwZSI6InJlZnJlc2gifQ.E3kDlFjSSxGzDK8Vlggd0HA4n5L4r96D1HAgx54TBec', 'ff29943e-dbfd-4ffb-9072-588f10845b74', 'refresh', '2024-04-20 09:47:27', 0, '2024-03-21 09:47:27', '2024-03-21 09:47:27'),
(776, 'eyJhbGciOiJIUzI1NiIsInR5cCI6IkpXVCJ9.eyJzdWIiOiJmZjI5OTQzZS1kYmZkLTRmZmItOTA3Mi01ODhmMTA4NDViNzQiLCJpYXQiOjE3MTEwMTQ3MjksImV4cCI6MTcxMzYwNjcyOSwidHlwZSI6InJlZnJlc2gifQ.gaZVnGlbNsxBow6HZOW2q-zVXiirSLlP8tXGkU1K448', 'ff29943e-dbfd-4ffb-9072-588f10845b74', 'refresh', '2024-04-20 09:52:09', 0, '2024-03-21 09:52:09', '2024-03-21 09:52:09'),
(778, 'eyJhbGciOiJIUzI1NiIsInR5cCI6IkpXVCJ9.eyJzdWIiOiJmZjI5OTQzZS1kYmZkLTRmZmItOTA3Mi01ODhmMTA4NDViNzQiLCJpYXQiOjE3MTEwMTQ5MjQsImV4cCI6MTcxMzYwNjkyNCwidHlwZSI6InJlZnJlc2gifQ.d23ZkoVEeeng4iIzbFn3FpFrt-wRes8eHk1Ok9sZoUQ', 'ff29943e-dbfd-4ffb-9072-588f10845b74', 'refresh', '2024-04-20 09:55:24', 0, '2024-03-21 09:55:24', '2024-03-21 09:55:24'),
(780, 'eyJhbGciOiJIUzI1NiIsInR5cCI6IkpXVCJ9.eyJzdWIiOiJmZjI5OTQzZS1kYmZkLTRmZmItOTA3Mi01ODhmMTA4NDViNzQiLCJpYXQiOjE3MTEwMTQ5NDMsImV4cCI6MTcxMzYwNjk0MywidHlwZSI6InJlZnJlc2gifQ.HeCbQM3D2A1u6j3uz1hrQW8d08r925FV14ZSc-XENfA', 'ff29943e-dbfd-4ffb-9072-588f10845b74', 'refresh', '2024-04-20 09:55:43', 0, '2024-03-21 09:55:43', '2024-03-21 09:55:43'),
(782, 'eyJhbGciOiJIUzI1NiIsInR5cCI6IkpXVCJ9.eyJzdWIiOiJmZjI5OTQzZS1kYmZkLTRmZmItOTA3Mi01ODhmMTA4NDViNzQiLCJpYXQiOjE3MTEwMTUwMzEsImV4cCI6MTcxMzYwNzAzMSwidHlwZSI6InJlZnJlc2gifQ.3lzDGGMUMCPC_uC1rB1etQkTFiSJfZF99BoG6e69obU', 'ff29943e-dbfd-4ffb-9072-588f10845b74', 'refresh', '2024-04-20 09:57:11', 0, '2024-03-21 09:57:11', '2024-03-21 09:57:11'),
(784, 'eyJhbGciOiJIUzI1NiIsInR5cCI6IkpXVCJ9.eyJzdWIiOiJmZjI5OTQzZS1kYmZkLTRmZmItOTA3Mi01ODhmMTA4NDViNzQiLCJpYXQiOjE3MTEwMTU1OTMsImV4cCI6MTcxMzYwNzU5MywidHlwZSI6InJlZnJlc2gifQ.4AAbZmjv9hHhWP7FB3EtGoiRTahmxTOCEaohz5cPEZw', 'ff29943e-dbfd-4ffb-9072-588f10845b74', 'refresh', '2024-04-20 10:06:33', 0, '2024-03-21 10:06:33', '2024-03-21 10:06:33'),
(786, 'eyJhbGciOiJIUzI1NiIsInR5cCI6IkpXVCJ9.eyJzdWIiOiJmZjI5OTQzZS1kYmZkLTRmZmItOTA3Mi01ODhmMTA4NDViNzQiLCJpYXQiOjE3MTEwMTU2MjMsImV4cCI6MTcxMzYwNzYyMywidHlwZSI6InJlZnJlc2gifQ.JZGbmVq5Kb25bHy-cieZpFQkp3n1-Nl3veP4fQYZdZ0', 'ff29943e-dbfd-4ffb-9072-588f10845b74', 'refresh', '2024-04-20 10:07:03', 0, '2024-03-21 10:07:03', '2024-03-21 10:07:03'),
(788, 'eyJhbGciOiJIUzI1NiIsInR5cCI6IkpXVCJ9.eyJzdWIiOiJmZjI5OTQzZS1kYmZkLTRmZmItOTA3Mi01ODhmMTA4NDViNzQiLCJpYXQiOjE3MTEwMTU2NzMsImV4cCI6MTcxMzYwNzY3MywidHlwZSI6InJlZnJlc2gifQ.vTKLfHn3ranuY6Fvp6jY8Kyu0QjuEVahiYyp6-bOyLI', 'ff29943e-dbfd-4ffb-9072-588f10845b74', 'refresh', '2024-04-20 10:07:53', 0, '2024-03-21 10:07:53', '2024-03-21 10:07:53'),
(790, 'eyJhbGciOiJIUzI1NiIsInR5cCI6IkpXVCJ9.eyJzdWIiOiJmZjI5OTQzZS1kYmZkLTRmZmItOTA3Mi01ODhmMTA4NDViNzQiLCJpYXQiOjE3MTEwMTU2OTUsImV4cCI6MTcxMzYwNzY5NSwidHlwZSI6InJlZnJlc2gifQ.EsDxGCMxbSb8gcSVNi3wYMSEwAfw--_1hAcSiTW-JP4', 'ff29943e-dbfd-4ffb-9072-588f10845b74', 'refresh', '2024-04-20 10:08:15', 0, '2024-03-21 10:08:15', '2024-03-21 10:08:15'),
(792, 'eyJhbGciOiJIUzI1NiIsInR5cCI6IkpXVCJ9.eyJzdWIiOiJjNGQ2ZDkxOC0xNDI4LTQ1MzAtYmU0Yy04ZWYyMzk4ZDUxMTYiLCJpYXQiOjE3MTEwMTU5NzMsImV4cCI6MTcxMzYwNzk3MywidHlwZSI6InJlZnJlc2gifQ.XvmaSS2A43olhPv3lEbzVyloPQS-SaINGiheFzOnpGQ', 'c4d6d918-1428-4530-be4c-8ef2398d5116', 'refresh', '2024-04-20 10:12:53', 0, '2024-03-21 10:12:53', '2024-03-21 10:12:53'),
(794, 'eyJhbGciOiJIUzI1NiIsInR5cCI6IkpXVCJ9.eyJzdWIiOiJjNGQ2ZDkxOC0xNDI4LTQ1MzAtYmU0Yy04ZWYyMzk4ZDUxMTYiLCJpYXQiOjE3MTEwODE0NzQsImV4cCI6MTcxMzY3MzQ3NCwidHlwZSI6InJlZnJlc2gifQ.n6iaf2u0-aDRXw-uzAuSLXOXVXB8yoD1pi-trbJYb3U', 'c4d6d918-1428-4530-be4c-8ef2398d5116', 'refresh', '2024-04-21 04:24:34', 0, '2024-03-22 04:24:34', '2024-03-22 04:24:34'),
(796, 'eyJhbGciOiJIUzI1NiIsInR5cCI6IkpXVCJ9.eyJzdWIiOiI0OGM3OGE0Mi1iZGFjLTQwMDktYjM5Yy04NzIyNzkwOTE0YzEiLCJpYXQiOjE3MTEwODMzNjIsImV4cCI6MTcxMzY3NTM2MiwidHlwZSI6InJlZnJlc2gifQ.YL6chq_7ntYWAygLId2-SQlMHWdb-mg7mJ9fVz9nGGY', '48c78a42-bdac-4009-b39c-8722790914c1', 'refresh', '2024-04-21 04:56:02', 0, '2024-03-22 04:56:02', '2024-03-22 04:56:02'),
(798, 'eyJhbGciOiJIUzI1NiIsInR5cCI6IkpXVCJ9.eyJzdWIiOiI1ZGEwZDQwMy1hOWRmLTQyYTItODdlNC0yOTg1MGFkZTZmYmEiLCJpYXQiOjE3MTEwODM0MDYsImV4cCI6MTcxMzY3NTQwNiwidHlwZSI6InJlZnJlc2gifQ.5XqCHfeuVgNdxKGdDk-OOpqkB2NNNvZBcTQ8D8t_o7Q', '5da0d403-a9df-42a2-87e4-29850ade6fba', 'refresh', '2024-04-21 04:56:46', 0, '2024-03-22 04:56:46', '2024-03-22 04:56:46'),
(800, 'eyJhbGciOiJIUzI1NiIsInR5cCI6IkpXVCJ9.eyJzdWIiOiJiNjE3ZmRhZi0zYTRiLTRhNzQtYjRjMi1kMjVjM2JiMTM5ZGYiLCJpYXQiOjE3MTEwODM2NjQsImV4cCI6MTcxMzY3NTY2NCwidHlwZSI6InJlZnJlc2gifQ.Zo_5mR8LryP7Zs8MYPz6sOzvuLqR4rwSlcE4ylEEP9s', 'b617fdaf-3a4b-4a74-b4c2-d25c3bb139df', 'refresh', '2024-04-21 05:01:04', 0, '2024-03-22 05:01:04', '2024-03-22 05:01:04'),
(802, 'eyJhbGciOiJIUzI1NiIsInR5cCI6IkpXVCJ9.eyJzdWIiOiJjNGQ2ZDkxOC0xNDI4LTQ1MzAtYmU0Yy04ZWYyMzk4ZDUxMTYiLCJpYXQiOjE3MTEwODM3NDcsImV4cCI6MTcxMzY3NTc0NywidHlwZSI6InJlZnJlc2gifQ.lEsACALhERpCb9jDg1L39NvbUUfTrYZj_2OdGSerHnM', 'c4d6d918-1428-4530-be4c-8ef2398d5116', 'refresh', '2024-04-21 05:02:27', 0, '2024-03-22 05:02:27', '2024-03-22 05:02:27'),
(804, 'eyJhbGciOiJIUzI1NiIsInR5cCI6IkpXVCJ9.eyJzdWIiOiJmZjI5OTQzZS1kYmZkLTRmZmItOTA3Mi01ODhmMTA4NDViNzQiLCJpYXQiOjE3MTEwODQ1MzksImV4cCI6MTcxMzY3NjUzOSwidHlwZSI6InJlZnJlc2gifQ._vVebotAOYOPSmDH1Ks_5JkyFevh-Ri4Br7eeVSIWy0', 'ff29943e-dbfd-4ffb-9072-588f10845b74', 'refresh', '2024-04-21 05:15:39', 0, '2024-03-22 05:15:39', '2024-03-22 05:15:39'),
(806, 'eyJhbGciOiJIUzI1NiIsInR5cCI6IkpXVCJ9.eyJzdWIiOiJiMmM1NTAxYi0yY2YwLTRlZTgtOWY3NS01ZmY0ZjFlYjNkN2IiLCJpYXQiOjE3MTEwODQ5MTYsImV4cCI6MTcxMzY3NjkxNiwidHlwZSI6InJlZnJlc2gifQ.5TkDG3J3KtrpaVorMghwisUYaKfBK5SY1xMAj3W29oc', 'b2c5501b-2cf0-4ee8-9f75-5ff4f1eb3d7b', 'refresh', '2024-04-21 05:21:56', 0, '2024-03-22 05:21:56', '2024-03-22 05:21:56'),
(808, 'eyJhbGciOiJIUzI1NiIsInR5cCI6IkpXVCJ9.eyJzdWIiOiJjNGQ2ZDkxOC0xNDI4LTQ1MzAtYmU0Yy04ZWYyMzk4ZDUxMTYiLCJpYXQiOjE3MTEwODU0NDAsImV4cCI6MTcxMzY3NzQ0MCwidHlwZSI6InJlZnJlc2gifQ.MPQfy1Whtn4IpXZfaz3BzoRRxotxb-HVUDgC4DE0Zq0', 'c4d6d918-1428-4530-be4c-8ef2398d5116', 'refresh', '2024-04-21 05:30:40', 0, '2024-03-22 05:30:40', '2024-03-22 05:30:40'),
(810, 'eyJhbGciOiJIUzI1NiIsInR5cCI6IkpXVCJ9.eyJzdWIiOiJmZjI5OTQzZS1kYmZkLTRmZmItOTA3Mi01ODhmMTA4NDViNzQiLCJpYXQiOjE3MTEwODczNzksImV4cCI6MTcxMzY3OTM3OSwidHlwZSI6InJlZnJlc2gifQ.7hyjcNR5JwCkiwgixRKTTV-y0SwSm_lfjvSRV59ffOk', 'ff29943e-dbfd-4ffb-9072-588f10845b74', 'refresh', '2024-04-21 06:02:59', 0, '2024-03-22 06:02:59', '2024-03-22 06:02:59'),
(812, 'eyJhbGciOiJIUzI1NiIsInR5cCI6IkpXVCJ9.eyJzdWIiOiJkODAyYjkwNC03YmEzLTQxMzctYjRkMy1jOTk5ODlhOWQ2MzgiLCJpYXQiOjE3MTEwODg1NjQsImV4cCI6MTcxMzY4MDU2NCwidHlwZSI6InJlZnJlc2gifQ.zB3dyCrm9FfOuKD8AwjqPw_MVvEUPuuXWgSqsT4nBr4', 'd802b904-7ba3-4137-b4d3-c99989a9d638', 'refresh', '2024-04-21 06:22:44', 0, '2024-03-22 06:22:44', '2024-03-22 06:22:44'),
(813, 'eyJhbGciOiJIUzI1NiIsInR5cCI6IkpXVCJ9.eyJzdWIiOiJjNGQ2ZDkxOC0xNDI4LTQ1MzAtYmU0Yy04ZWYyMzk4ZDUxMTYiLCJpYXQiOjE3MTEwOTA0MDcsImV4cCI6MTcxMTEyNjQwNywidHlwZSI6ImFjY2VzcyJ9.gmJwU2ruyPrMzw1SW-Xo3LmyN0-AbyiHWYEyLeusK4o', 'c4d6d918-1428-4530-be4c-8ef2398d5116', 'access', '2024-03-22 16:53:27', 0, '2024-03-22 06:53:27', '2024-03-22 06:53:27'),
(814, 'eyJhbGciOiJIUzI1NiIsInR5cCI6IkpXVCJ9.eyJzdWIiOiJjNGQ2ZDkxOC0xNDI4LTQ1MzAtYmU0Yy04ZWYyMzk4ZDUxMTYiLCJpYXQiOjE3MTEwOTA0MDcsImV4cCI6MTcxMzY4MjQwNywidHlwZSI6InJlZnJlc2gifQ.wlYjKEcVDyUnTrab8OEvg5XhiBtAsZwLp8tyrsw5TVI', 'c4d6d918-1428-4530-be4c-8ef2398d5116', 'refresh', '2024-04-21 06:53:27', 0, '2024-03-22 06:53:27', '2024-03-22 06:53:27'),
(815, 'eyJhbGciOiJIUzI1NiIsInR5cCI6IkpXVCJ9.eyJzdWIiOiJkODAyYjkwNC03YmEzLTQxMzctYjRkMy1jOTk5ODlhOWQ2MzgiLCJpYXQiOjE3MTEwOTA0NjUsImV4cCI6MTcxMTEyNjQ2NSwidHlwZSI6ImFjY2VzcyJ9.XUvGR8ow4Aa3h2JBzW8idunLm-LZIXnCeQR55hDiiJ4', 'd802b904-7ba3-4137-b4d3-c99989a9d638', 'access', '2024-03-22 16:54:25', 0, '2024-03-22 06:54:25', '2024-03-22 06:54:25'),
(816, 'eyJhbGciOiJIUzI1NiIsInR5cCI6IkpXVCJ9.eyJzdWIiOiJkODAyYjkwNC03YmEzLTQxMzctYjRkMy1jOTk5ODlhOWQ2MzgiLCJpYXQiOjE3MTEwOTA0NjUsImV4cCI6MTcxMzY4MjQ2NSwidHlwZSI6InJlZnJlc2gifQ.5IsFvF9JxQ87NbMx9xCEGLIk-WYiqIQMzxIbnFo6KCw', 'd802b904-7ba3-4137-b4d3-c99989a9d638', 'refresh', '2024-04-21 06:54:25', 0, '2024-03-22 06:54:25', '2024-03-22 06:54:25'),
(817, 'eyJhbGciOiJIUzI1NiIsInR5cCI6IkpXVCJ9.eyJzdWIiOiI5ODI3OWM4NC1jYWVlLTRjMGUtYjcxNy03ZjQ3ZTc2NjJiZDUiLCJpYXQiOjE3MTExMDAzNTEsImV4cCI6MTcxMTEzNjM1MSwidHlwZSI6ImFjY2VzcyJ9.-2IjBtAMTUtS7xnmeUNZsj3CdSj3BdsZw1Hdo7hamE8', '98279c84-caee-4c0e-b717-7f47e7662bd5', 'access', '2024-03-22 19:39:11', 0, '2024-03-22 09:39:11', '2024-03-22 09:39:11'),
(818, 'eyJhbGciOiJIUzI1NiIsInR5cCI6IkpXVCJ9.eyJzdWIiOiI5ODI3OWM4NC1jYWVlLTRjMGUtYjcxNy03ZjQ3ZTc2NjJiZDUiLCJpYXQiOjE3MTExMDAzNTEsImV4cCI6MTcxMzY5MjM1MSwidHlwZSI6InJlZnJlc2gifQ.i300YO4LWG2BGThgg_NXs79l6P9TKU5VyzNhkr3PIAY', '98279c84-caee-4c0e-b717-7f47e7662bd5', 'refresh', '2024-04-21 09:39:11', 0, '2024-03-22 09:39:11', '2024-03-22 09:39:11'),
(819, 'eyJhbGciOiJIUzI1NiIsInR5cCI6IkpXVCJ9.eyJzdWIiOiJjNGQ2ZDkxOC0xNDI4LTQ1MzAtYmU0Yy04ZWYyMzk4ZDUxMTYiLCJpYXQiOjE3MTExMDUyNDcsImV4cCI6MTcxMTE0MTI0NywidHlwZSI6ImFjY2VzcyJ9.FbwbQXaEHmbDL4Ln7DSxOKuBtM_dHPf5uRF1sSBFxZk', 'c4d6d918-1428-4530-be4c-8ef2398d5116', 'access', '2024-03-22 21:00:47', 0, '2024-03-22 11:00:47', '2024-03-22 11:00:47'),
(820, 'eyJhbGciOiJIUzI1NiIsInR5cCI6IkpXVCJ9.eyJzdWIiOiJjNGQ2ZDkxOC0xNDI4LTQ1MzAtYmU0Yy04ZWYyMzk4ZDUxMTYiLCJpYXQiOjE3MTExMDUyNDcsImV4cCI6MTcxMzY5NzI0NywidHlwZSI6InJlZnJlc2gifQ.sPRYGcuia6tub1wHwZZVRErIhoDqoBoUHzC8JIe2AlY', 'c4d6d918-1428-4530-be4c-8ef2398d5116', 'refresh', '2024-04-21 11:00:47', 0, '2024-03-22 11:00:47', '2024-03-22 11:00:47'),
(821, 'eyJhbGciOiJIUzI1NiIsInR5cCI6IkpXVCJ9.eyJzdWIiOiI5ODI3OWM4NC1jYWVlLTRjMGUtYjcxNy03ZjQ3ZTc2NjJiZDUiLCJpYXQiOjE3MTExMDUyOTEsImV4cCI6MTcxMTE0MTI5MSwidHlwZSI6ImFjY2VzcyJ9.swbZRv2RcjOlYmhUK5WwFHDQBRfiz2LmRJV5dv3z3Ck', '98279c84-caee-4c0e-b717-7f47e7662bd5', 'access', '2024-03-22 21:01:31', 0, '2024-03-22 11:01:31', '2024-03-22 11:01:31'),
(822, 'eyJhbGciOiJIUzI1NiIsInR5cCI6IkpXVCJ9.eyJzdWIiOiI5ODI3OWM4NC1jYWVlLTRjMGUtYjcxNy03ZjQ3ZTc2NjJiZDUiLCJpYXQiOjE3MTExMDUyOTEsImV4cCI6MTcxMzY5NzI5MSwidHlwZSI6InJlZnJlc2gifQ._qiqbngG8j_hkpyspEzqM7HugBH4pmAe9AlYqfYPSyw', '98279c84-caee-4c0e-b717-7f47e7662bd5', 'refresh', '2024-04-21 11:01:31', 0, '2024-03-22 11:01:31', '2024-03-22 11:01:31');

-- --------------------------------------------------------

--
-- Table structure for table `userAssignments`
--

CREATE TABLE `userAssignments` (
  `id` int(11) NOT NULL,
  `uuid` char(36) CHARACTER SET latin1 COLLATE latin1_bin DEFAULT NULL,
  `assignment` varchar(255) DEFAULT NULL,
  `deadlineDate` datetime DEFAULT NULL,
  `deadlineTime` time DEFAULT NULL,
  `status` int(11) DEFAULT NULL COMMENT 'status: 0 = By Teacher, 1 = By Student',
  `createdAt` datetime NOT NULL,
  `updatedAt` datetime NOT NULL,
  `user_Id` int(11) DEFAULT NULL,
  `userSubject_Id` int(11) DEFAULT NULL
) ENGINE=InnoDB DEFAULT CHARSET=latin1;

--
-- Dumping data for table `userAssignments`
--

INSERT INTO `userAssignments` (`id`, `uuid`, `assignment`, `deadlineDate`, `deadlineTime`, `status`, `createdAt`, `updatedAt`, `user_Id`, `userSubject_Id`) VALUES
(22, '4bb25ab0-b20f-41f1-a3e4-1882153369ef', 'file-1b1fc523-e7f0-47bd-b6bb-8e4b7afdc882-sodapdf-converted.pdf', '2024-03-23 00:00:00', '23:09:00', 0, '2024-03-22 05:39:17', '2024-03-22 05:39:17', 121, 7);

-- --------------------------------------------------------

--
-- Table structure for table `userCourses`
--

CREATE TABLE `userCourses` (
  `id` int(11) NOT NULL,
  `uuid` char(36) CHARACTER SET latin1 COLLATE latin1_bin DEFAULT NULL,
  `courseName` varchar(255) DEFAULT NULL,
  `is_available` int(11) DEFAULT '0',
  `createdAt` datetime NOT NULL,
  `updatedAt` datetime NOT NULL
) ENGINE=InnoDB DEFAULT CHARSET=latin1;

--
-- Dumping data for table `userCourses`
--

INSERT INTO `userCourses` (`id`, `uuid`, `courseName`, `is_available`, `createdAt`, `updatedAt`) VALUES
(1, '620f4c4b-a18f-42f4-8e84-9504b41aff2d', 'B.tech', 0, '2024-01-23 10:32:44', '2024-02-28 12:13:57'),
(8, 'f0badc24-f560-4df6-a576-7d44dfbd4b08', 'B.E', 0, '2024-02-01 11:41:36', '2024-02-01 11:41:36'),
(11, '998329ae-5898-4dd5-9f95-dc481687bb77', 'BCA', 0, '2024-02-02 08:47:59', '2024-02-02 08:47:59'),
(41, '74763ece-f07c-41e1-b4f1-c50fc0a13499', 'B.Comm', 0, '2024-02-13 06:48:00', '2024-02-13 06:48:00'),
(42, 'd51ca0aa-4a7b-4c6c-869b-61effb26d86e', 'Laws', 0, '2024-02-13 06:50:18', '2024-02-13 06:50:18'),
(44, 'b0393f6f-67d8-4f48-978f-15a13eea51a4', 'Electrical', 0, '2024-02-28 10:09:10', '2024-02-28 10:09:10'),
(45, '8387d77f-0356-4e43-8302-6cf9a0a5c446', 'B Pharmacy', 0, '2024-02-29 06:02:08', '2024-02-29 06:02:08');

-- --------------------------------------------------------

--
-- Table structure for table `userMigrations`
--

CREATE TABLE `userMigrations` (
  `id` int(11) NOT NULL,
  `uuid` char(36) CHARACTER SET latin1 COLLATE latin1_bin DEFAULT NULL,
  `old_course_name` varchar(255) DEFAULT NULL,
  `new_course_name` varchar(255) DEFAULT NULL,
  `createdAt` datetime NOT NULL,
  `updatedAt` datetime NOT NULL,
  `student_first_name` varchar(255) DEFAULT NULL,
  `student_last_name` varchar(255) DEFAULT NULL
) ENGINE=InnoDB DEFAULT CHARSET=latin1;

--
-- Dumping data for table `userMigrations`
--

INSERT INTO `userMigrations` (`id`, `uuid`, `old_course_name`, `new_course_name`, `createdAt`, `updatedAt`, `student_first_name`, `student_last_name`) VALUES
(15, 'a9980817-23bc-4261-90c6-58a0410ff37c', 'B.Comm', 'B.Comm', '2024-03-07 11:12:43', '2024-03-07 11:12:43', 'Kay', 'mercado'),
(16, '8d14d233-902a-4f9e-b4ed-6e22b6b65938', 'B.Comm', 'Electrical', '2024-03-07 11:13:29', '2024-03-07 11:13:29', 'Kay', 'mercado');

-- --------------------------------------------------------

--
-- Table structure for table `userRoles`
--

CREATE TABLE `userRoles` (
  `id` int(11) NOT NULL,
  `uuid` char(36) CHARACTER SET latin1 COLLATE latin1_bin DEFAULT NULL,
  `createdAt` datetime NOT NULL,
  `updatedAt` datetime NOT NULL,
  `role_name` varchar(255) DEFAULT NULL
) ENGINE=InnoDB DEFAULT CHARSET=latin1;

--
-- Dumping data for table `userRoles`
--

INSERT INTO `userRoles` (`id`, `uuid`, `createdAt`, `updatedAt`, `role_name`) VALUES
(2, 'dfafdcaer453bdfdh77869', '2024-02-29 05:22:24', '2024-03-01 11:24:29', 'Teacher'),
(3, '19bf6af8-d6eb-11ee-80c5-484d7eedc66e', '2024-02-29 15:39:40', '2024-03-01 08:23:26', 'Student'),
(4, 'ecab1de6-e064-11ee-80c5-484d7eedc66e', '0000-00-00 00:00:00', '0000-00-00 00:00:00', 'Admin');

-- --------------------------------------------------------

--
-- Table structure for table `users`
--

CREATE TABLE `users` (
  `id` int(11) NOT NULL,
  `uuid` char(36) CHARACTER SET latin1 COLLATE latin1_bin DEFAULT NULL,
  `first_name` varchar(255) DEFAULT NULL,
  `last_name` varchar(255) DEFAULT NULL,
  `email` varchar(255) DEFAULT NULL,
  `password` varchar(255) DEFAULT NULL,
  `status` int(11) DEFAULT NULL COMMENT 'status: 0 = No subject, 1 = Subject Available',
  `email_verified` int(11) DEFAULT NULL,
  `address` varchar(255) DEFAULT NULL,
  `phone_number` int(11) DEFAULT NULL,
  `is_available` int(11) DEFAULT '0' COMMENT 'Availability status: 0 = Not Available, 1 = Available',
  `is_deleted` int(11) DEFAULT '0',
  `createdAt` datetime NOT NULL,
  `updatedAt` datetime NOT NULL,
  `profile` varchar(255) DEFAULT NULL,
  `otp_generated` varchar(255) DEFAULT '0',
  `course_Id` int(11) DEFAULT NULL,
  `role_Id` int(11) DEFAULT NULL,
  `migration_Id` int(11) DEFAULT NULL
) ENGINE=InnoDB DEFAULT CHARSET=latin1;

--
-- Dumping data for table `users`
--

INSERT INTO `users` (`id`, `uuid`, `first_name`, `last_name`, `email`, `password`, `status`, `email_verified`, `address`, `phone_number`, `is_available`, `is_deleted`, `createdAt`, `updatedAt`, `profile`, `otp_generated`, `course_Id`, `role_Id`, `migration_Id`) VALUES
(71, 'ff29943e-dbfd-4ffb-9072-588f10845b74', 'Bhanvi', 'gautam', 'bhanvigautam19@gmail.com', '$2a$08$LfsqhtdSJRMkM9giJ5EXAOA5whjoSKcbtLsiWpAlRUnYzdReIxu.O', 1, 0, 'https://codesandbox.io/p/sandbox/react-image-crop-fc66t?file=%2Fsrc%2Findex.js\n\n', 2147483647, 1, 0, '2024-02-19 06:49:57', '2024-03-07 07:03:33', '', '0', 0, 4, NULL),
(79, '98279c84-caee-4c0e-b717-7f47e7662bd5', 'kellie', 'mullen', 'suvybacyxo@mailinator.com', '$2a$08$1ushI7H1RDLC.Vunqavzh.W2HhMMbwHqI7kKu8Ghr4qXeY37/MEsG', 0, 0, 'ullamco id ab beatae', 2147483647, 1, 0, '2024-02-27 13:21:23', '2024-03-22 09:39:09', 'file-22ae770b-666d-4e04-be0d-6ff0c03cc0d5-user5.png', '0', 11, 3, NULL),
(112, 'a88c114d-75a0-4a8c-a068-995d1598797f', 'fredericka', 'dalton', 'tunibuwej@mailinator.com', '$2a$08$7z.gBalVelrhjSTLhAIcGunJKIYc4cm.lq0jWhiQV7dYz0GPnMpzS', 1, 0, 'natus accusantium ve', 681921593, 0, 0, '2024-03-19 07:15:49', '2024-03-19 10:45:58', 'file-cea63e99-7176-4125-8980-db45b30dd8d0-user6.png', '0', 41, 2, NULL),
(114, '97d60c17-2e16-462e-8fcb-84da2c068058', 'fredericka', 'dalton', 'tunibuwej@mailinator.com', '$2a$08$7z.gBalVelrhjSTLhAIcGunJKIYc4cm.lq0jWhiQV7dYz0GPnMpzS', 1, 0, 'natus accusantium ve', 681921593, 0, 0, '2024-03-19 07:24:13', '2024-03-19 10:45:58', 'file-cea63e99-7176-4125-8980-db45b30dd8d0-user6.png', '0', 41, 2, NULL),
(117, '36a49567-f246-491b-a95a-e7928c580d57', 'raymond', 'knowles', 'ryle@mailinator.com', '$2a$08$VdArUFy5Cwv6jI9RfaMF5u5ynV3P0KY.LllTKgTpC9RzZLTSq4j3u', 1, 0, 'quod odit reiciendis', 454351275, 0, 0, '2024-03-19 07:27:35', '2024-03-19 07:27:35', 'file-581ea08c-1afe-4dff-b5fd-3bc92132cc66-ss2.png', '0', 42, 2, NULL),
(121, 'c4d6d918-1428-4530-be4c-8ef2398d5116', 'clarke', 'mcgee', 'ritepe@mailinator.com', '$2a$08$cGN7LSrzSbzYqm3/QmhzCu5.fjz/EpXPznz4XCn3vKq8rrjS.WU2y', 1, 0, 'non laboriosam quis', 2147483647, 1, 0, '2024-03-19 08:46:11', '2024-03-20 12:22:44', 'file-99d4056f-517d-409d-9d17-2d1174f604ac-user6.png', '0', 11, 2, NULL),
(123, 'dbea4c64-98db-486d-8bd1-f0503a4917d3', 'ronan', 'dixon', 'fejasikowi@mailinator.com', '$2a$08$Fjalze/nEBnzwNUw8tNEN.KPqFIY4ZsvD6FVSnTuwYKxpk5Qgy/5S', 1, 0, 'nam eligendi vero co', 2147483647, 0, 0, '2024-03-19 08:54:52', '2024-03-19 08:54:52', 'file-adae6765-01a3-44ca-975b-92374db55a7d-user6.png', '0', 8, 2, NULL),
(124, '1db8a19b-95ef-4a81-9917-0082fd7babf5', 'sara', 'vang', 'petinup@mailinator.com', '$2a$08$3.b9H0M/K2bzsLCNrAqpruubSyAtxeYTE6lCApULa6ywFsTstGoDm', 1, 0, 'non et et sed magni ', 2147483647, 1, 0, '2024-03-19 08:57:36', '2024-03-22 06:03:10', 'file-daa9fabd-70e9-41cf-a842-081028ad07b1-ss2.png', '0', 11, 3, NULL),
(125, 'd4fc8927-9f5e-499d-a1e4-9887aab86978', 'hamish', 'sweeney', 'feca@mailinator.com', '$2a$08$Ldttw/uLLnwh/6gOosnrDe.306GY31pCmAOBgHhWiA5CrgLTqhJzu', 1, 0, 'velit eum excepteur ', 2147483647, 0, 0, '2024-03-20 05:12:51', '2024-03-20 05:12:51', '', '0', 11, 3, NULL),
(126, '42e0d4ec-3ef3-4598-82ff-dd9c0266ef7d', 'melyssa', 'miles', 'vafid@mailinator.com', '$2a$08$KtanaLqQjrFsNyxRUqk4peLYH3uo9Tz6odFi5.njXouK.Ce9EcqkO', 1, 0, 'culpa unde fugit a', 2147483647, 0, 0, '2024-03-20 12:17:33', '2024-03-20 12:17:33', 'file-db91ab6d-59eb-4488-8fde-6cb626a52cae-user5.png', '0', 11, 2, NULL),
(127, '25861f4f-cb52-4bc8-9655-ef55569e1a68', 'ishmael', 'blanchard', 'gycytar@mailinator.com', '$2a$08$NmMMq0wg0U0DS5U/kkwRF.BWiybnCUb3P/Et1Zfv8rlWi3f04dBu.', 1, 0, 'eum ut nisi dignissi', 2147483647, 0, 0, '2024-03-21 05:37:24', '2024-03-21 05:37:24', 'file-0af10c6a-e66f-48f8-8efd-4f6bcc0f12ed-user2.jpeg', '0', 42, 2, NULL),
(128, '82e1026e-7d1e-44f6-9931-70b9cc1fcd21', 'melinda', 'dejesus', 'hydipefy@mailinator.com', '$2a$08$MNgE29TloCe.Fcwx6Bki/uyYxPCg83EEg090mkE/DT2BvVH7yxNi.', 1, 0, 'iure nulla delectus', 2147483647, 0, 0, '2024-03-21 06:07:39', '2024-03-21 06:07:39', 'file-bbb3a0f1-6bf6-4f88-8211-7ff65538f45d-user4.png', '0', 1, 3, NULL),
(129, '6eabc392-7c12-4a99-b999-4a3b83f41890', 'patience', 'jarvis', 'zebowoh@mailinator.com', '$2a$08$hG/4czh5BWu.eTlJX4CFAuLG4Wo21qF.S7RhK16qCTNEHZHc8/9ke', 1, 0, 'expedita pariatur d', 2147483647, 0, 0, '2024-03-21 06:15:39', '2024-03-21 06:15:39', '', '0', 8, 3, NULL),
(130, 'f2452bde-e613-43a6-9013-cf6d3ad1b7e0', 'noelle', 'buck', 'wudyrucewy@mailinator.com', '$2a$08$guMy7sN0x6N9.UEQF8UJke39s60Ns9oOxXfTkBlCGPyJEntnpN0Kq', 1, 0, 'cum et illum commod', 2147483647, 0, 0, '2024-03-21 06:31:11', '2024-03-21 06:31:11', '', '0', 44, 3, NULL),
(131, '7e0334d1-cdf4-409c-b88f-dbe92511a6c3', 'griffin', 'sosa', 'vajik@mailinator.com', '$2a$08$80x7m4c9jTHCDTKA5CQH7O9V44VJfU0iuXZd/E8maO6RacIEUVYtu', 1, 0, 'est occaecat offici', 2147483647, 0, 0, '2024-03-21 06:56:04', '2024-03-21 06:56:04', '', '0', 11, 3, NULL),
(132, '612dfcf6-5c1a-49fb-80e6-dd5109a12657', 'janna', 'stanley', 'zoxyhyn@mailinator.com', '$2a$08$QY/sm.NkrF0H6p2gIsjxWen4I5.Is9c.wM/RPSfc2SFLwlvVEd90O', 1, 0, 'ipsum amet culpa ', 1152873937, 0, 0, '2024-03-21 06:57:28', '2024-03-21 06:57:28', '', '0', 1, 2, NULL),
(133, '3e674fc7-c9c5-458a-ab01-d1d76027999e', 'fulton', 'tanner', 'vusyto@mailinator.com', '$2a$08$J1hcQ6q9mxWvnvQErsBrtOg42BON2Fyqeh4LEQ/xj/Nb.W0Nn70lu', 1, 0, 'quis mollit officiis', 2147483647, 0, 0, '2024-03-21 07:02:48', '2024-03-21 07:02:48', '', '0', 11, 3, NULL),
(134, 'ab0f2017-2ab1-4638-9585-fe434e02a017', 'brynne', 'cote', 'suzer@mailinator.com', '$2a$08$aWGeIihy4oZ1G1H/mdutYuNZV13MCRhfkC8fBjyR/D1XuVT49J4C.', 1, 0, 'cillum qui qui numqu', 576744397, 0, 0, '2024-03-21 07:04:13', '2024-03-21 07:04:13', '', '0', 11, 3, NULL),
(135, '48c78a42-bdac-4009-b39c-8722790914c1', 'jaime', 'kerr', 'kazolavy@mailinator.com', '$2a$08$P6bDdPCtvlVljF8fysBnpupfA.Tu/s6bvHHlPrPnkYNwq2OxbnwFS', 1, 0, 'adipisicing qui qui ', 2147483647, 0, 0, '2024-03-22 04:56:02', '2024-03-22 04:56:02', '', '0', 42, 3, NULL),
(136, '5da0d403-a9df-42a2-87e4-29850ade6fba', 'sebastian', 'massey', 'xone@mailinator.com', '$2a$08$FQqQqX7uEkjGDCR7skR9peYB90Gc7U134JjK3FovSRRNipAJx3RCW', 1, 0, 'quas aut ipsum cons', 2147483647, 0, 0, '2024-03-22 04:56:46', '2024-03-22 04:56:46', 'file-0b849ad2-90ce-4ea4-968e-3d9bc9c89ff8-user4.png', '0', 8, 3, NULL),
(137, 'b617fdaf-3a4b-4a74-b4c2-d25c3bb139df', 'nasim', 'hunt', 'sefod@mailinator.com', '$2a$08$uLPLJcfq/kMTj3zzws0TEu1m/HAu8HMwlRoMGui0h6VdvoWEW1MUS', 1, 0, 'fuga ut voluptates ', 2147483647, 0, 0, '2024-03-22 05:01:04', '2024-03-22 05:01:04', 'file-1cb74364-1f2c-41bc-87bc-6b1a3a3afa49-user3.png', '0', 42, 3, NULL),
(138, 'b2c5501b-2cf0-4ee8-9f75-5ff4f1eb3d7b', 'addison', 'talley', 'muva@mailinator.com', '$2a$08$KhTUCbIiMGxAov07kM1e6ObTAQiMggTparnWSk/GCayYVOBzfHaJC', 1, 0, 'ipsum consequuntur d', 2147483647, 0, 0, '2024-03-22 05:21:56', '2024-03-22 05:21:56', '', '0', 8, 3, NULL);

-- --------------------------------------------------------

--
-- Table structure for table `userSemesters`
--

CREATE TABLE `userSemesters` (
  `id` int(11) NOT NULL,
  `uuid` char(36) CHARACTER SET latin1 COLLATE latin1_bin DEFAULT NULL,
  `semesterNo` int(11) DEFAULT NULL,
  `is_available` int(11) DEFAULT '0',
  `createdAt` datetime NOT NULL,
  `updatedAt` datetime NOT NULL,
  `course_Id` int(11) DEFAULT NULL
) ENGINE=InnoDB DEFAULT CHARSET=latin1;

--
-- Dumping data for table `userSemesters`
--

INSERT INTO `userSemesters` (`id`, `uuid`, `semesterNo`, `is_available`, `createdAt`, `updatedAt`, `course_Id`) VALUES
(2, '620f4c4b-a18f-42f4-8e84-9504b41aff2d', 3, 0, '2024-01-24 06:35:33', '2024-02-28 12:13:57', 1),
(3, 'cb528b5b-48cd-43a9-b98c-3fade6a1b662', 1, 0, '2024-02-01 07:46:54', '2024-02-06 09:00:33', 6),
(5, 'f0badc24-f560-4df6-a576-7d44dfbd4b08', 2, 0, '2024-02-01 11:41:36', '2024-02-01 11:41:36', 8),
(7, '8f0c8562-1381-4ce1-b18e-f10e6a3fa03b', 2, 0, '2024-02-01 12:34:25', '2024-02-01 12:34:25', 8),
(8, '998329ae-5898-4dd5-9f95-dc481687bb77', 4, 0, '2024-02-02 08:47:59', '2024-02-02 08:47:59', 11),
(12, 'bb76b6a3-60c8-4e3c-ba32-f6d0f1f5cea0', 3, 0, '2024-02-05 11:26:48', '2024-02-05 11:26:48', 44),
(24, '3790ff53-d172-4e98-90a7-86d70480bc05', 4, 0, '2024-02-08 13:11:20', '2024-02-14 13:01:44', 45),
(27, '212c0216-b40a-408e-800a-a638708b4e41', 3, 0, '2024-02-09 05:41:30', '2024-02-09 05:41:30', 41),
(28, '74763ece-f07c-41e1-b4f1-c50fc0a13499', 1, 0, '2024-02-13 06:48:00', '2024-02-13 06:48:00', 41),
(29, 'd51ca0aa-4a7b-4c6c-869b-61effb26d86e', 2, 0, '2024-02-13 06:50:18', '2024-02-13 06:50:18', 42),
(30, '3bd98da8-cad8-4452-ab55-423f06c0c2b2', 2, 0, '2024-02-14 11:07:08', '2024-02-14 11:10:25', 42),
(31, 'b0393f6f-67d8-4f48-978f-15a13eea51a4', 3, 0, '2024-02-28 10:09:10', '2024-02-28 10:09:10', 44),
(32, '8387d77f-0356-4e43-8302-6cf9a0a5c446', 3, 0, '2024-02-29 06:02:08', '2024-02-29 06:02:08', 45),
(33, '8387d77f-0356-4e43-8302-6cf9a0a5c446', 5, 0, '2024-02-29 06:02:08', '2024-02-29 06:02:08', 45);

-- --------------------------------------------------------

--
-- Table structure for table `userSubjects`
--

CREATE TABLE `userSubjects` (
  `id` int(11) NOT NULL,
  `uuid` char(36) CHARACTER SET latin1 COLLATE latin1_bin DEFAULT NULL,
  `subjectName` varchar(255) DEFAULT NULL,
  `is_available` int(11) DEFAULT '0',
  `createdAt` datetime NOT NULL,
  `updatedAt` datetime NOT NULL,
  `semester_Id` int(11) DEFAULT NULL
) ENGINE=InnoDB DEFAULT CHARSET=latin1;

--
-- Dumping data for table `userSubjects`
--

INSERT INTO `userSubjects` (`id`, `uuid`, `subjectName`, `is_available`, `createdAt`, `updatedAt`, `semester_Id`) VALUES
(1, '618df937-1579-4166-8920-f01f7dff0178', 'subject 3 updated', 0, '2024-01-24 07:34:58', '2024-02-02 07:25:38', 12),
(3, 'ba93b78a-1c3e-49a7-9257-cf769513aef6', 'subject 2 update  ', 0, '2024-01-24 07:34:58', '2024-01-24 07:36:04', 8),
(4, '78a5b19f-44b5-492f-b11b-3b6829df8a88', 'subject 1', 0, '2024-01-24 07:34:58', '2024-02-28 12:13:57', 2),
(7, 'eff2c541-47e4-46ab-b483-b47d746e2e05', 'subject 1 update', 0, '2024-01-24 07:36:04', '2024-01-24 07:36:04', 8),
(9, '290d8929-959b-4879-83f9-fa8a600cbbd2', 'Accounts', 0, '2024-02-01 07:46:54', '2024-02-06 09:00:33', 3),
(24, '9b53e067-e032-4dbb-bffc-7ad0a40dbf13', 'fghfh', 0, '2024-02-05 11:26:48', '2024-02-05 11:26:48', 12),
(25, '73041120-f4b7-472a-86c1-48b6f9508afd', 'bbdc', 0, '2024-02-06 06:15:22', '2024-02-06 06:15:22', NULL),
(62, 'b3d403e5-0670-4b74-a67c-2b2268a74ba6', 'aa', 0, '2024-02-08 13:11:20', '2024-02-14 13:01:44', 24),
(64, '39d772fb-54ba-48a6-b5e9-075f17c96752', 'Business', 0, '2024-02-09 05:23:37', '2024-02-09 05:23:37', NULL),
(65, '18bd6a29-f711-4746-85cb-09ab38f0d857', 'ghfjd', 0, '2024-02-09 05:41:31', '2024-02-09 05:41:31', 27),
(67, 'da2d87e8-62c3-444e-8d34-a023a3c0eb2c', 'ees', 0, '2024-02-13 06:50:18', '2024-02-13 06:50:18', 29),
(69, 'b07827f1-163e-4e59-a2de-dddeaf93961c', 'embedded', 0, '2024-02-28 10:09:10', '2024-02-28 10:09:10', 31),
(70, 'c7684d26-30ea-4680-a7da-4a283872ec00', 'subject 2', 0, '2024-02-29 06:02:08', '2024-02-29 06:02:08', 32);

-- --------------------------------------------------------

--
-- Table structure for table `userTeacherDetails`
--

CREATE TABLE `userTeacherDetails` (
  `uuid` char(36) CHARACTER SET latin1 COLLATE latin1_bin DEFAULT NULL,
  `teacher_Id` int(11) DEFAULT NULL,
  `subject_Id` int(11) DEFAULT NULL,
  `createdAt` datetime NOT NULL,
  `updatedAt` datetime NOT NULL,
  `userId` int(11) NOT NULL,
  `userSubjectId` int(11) NOT NULL
) ENGINE=InnoDB DEFAULT CHARSET=latin1;

--
-- Dumping data for table `userTeacherDetails`
--

INSERT INTO `userTeacherDetails` (`uuid`, `teacher_Id`, `subject_Id`, `createdAt`, `updatedAt`, `userId`, `userSubjectId`) VALUES
('59801fff-fbcf-4554-b521-2f9a3d407add', 112, 65, '2024-03-19 07:15:49', '2024-03-19 07:15:49', 112, 65),
('0b9b5ac8-0bb7-46d2-bada-672e34668330', 114, 65, '2024-03-19 07:24:13', '2024-03-19 07:24:13', 114, 65),
('9d0d4cf2-f844-4ccb-a4d1-fc6533425e35', 117, 67, '2024-03-19 07:27:36', '2024-03-19 07:27:36', 117, 67),
('b479a814-99ee-4b10-9fd4-198a3c7d0d5a', 121, 7, '2024-03-19 08:46:11', '2024-03-19 08:46:11', 121, 7),
('3b86a6e3-f1bc-47a8-b67b-ea046f23ea79', 123, 7, '2024-03-19 08:54:52', '2024-03-19 08:54:52', 123, 7),
('3515a637-d6fc-4af7-8d0e-e6b9b36cf3e3', 126, 3, '2024-03-20 12:17:33', '2024-03-20 12:17:33', 126, 3),
('1285d303-e715-4847-9ea8-312d095aa665', 126, 7, '2024-03-20 12:17:33', '2024-03-20 12:17:33', 126, 7),
('9a8d2981-e657-41d7-b1e7-6ec629c7d417', 127, 67, '2024-03-21 05:37:24', '2024-03-21 05:37:24', 127, 67),
('10b96053-e84b-49ef-bbee-e0fec6b3d35a', 132, 4, '2024-03-21 06:57:28', '2024-03-21 06:57:28', 132, 4),
('f94b9ffb-600b-424d-b76d-76837b96ab30', 138, 3, '2024-03-22 05:21:56', '2024-03-22 05:21:56', 138, 3),
('6492c24d-f672-44fa-897d-84b13e40caa9', 138, 7, '2024-03-22 05:21:56', '2024-03-22 05:21:56', 138, 7);

--
-- Indexes for dumped tables
--

--
-- Indexes for table `tokens`
--
ALTER TABLE `tokens`
  ADD PRIMARY KEY (`id`);

--
-- Indexes for table `userAssignments`
--
ALTER TABLE `userAssignments`
  ADD PRIMARY KEY (`id`),
  ADD KEY `userAssignments_userSubject_Id_foreign_idx` (`userSubject_Id`),
  ADD KEY `user_Id` (`user_Id`);

--
-- Indexes for table `userCourses`
--
ALTER TABLE `userCourses`
  ADD PRIMARY KEY (`id`);

--
-- Indexes for table `userMigrations`
--
ALTER TABLE `userMigrations`
  ADD PRIMARY KEY (`id`);

--
-- Indexes for table `userRoles`
--
ALTER TABLE `userRoles`
  ADD PRIMARY KEY (`id`);

--
-- Indexes for table `users`
--
ALTER TABLE `users`
  ADD PRIMARY KEY (`id`),
  ADD KEY `migration_Id` (`migration_Id`),
  ADD KEY `course_Id` (`course_Id`),
  ADD KEY `role_Id` (`role_Id`);

--
-- Indexes for table `userSemesters`
--
ALTER TABLE `userSemesters`
  ADD PRIMARY KEY (`id`),
  ADD KEY `course_Id` (`course_Id`);

--
-- Indexes for table `userSubjects`
--
ALTER TABLE `userSubjects`
  ADD PRIMARY KEY (`id`),
  ADD KEY `semester_Id` (`semester_Id`);

--
-- Indexes for table `userTeacherDetails`
--
ALTER TABLE `userTeacherDetails`
  ADD PRIMARY KEY (`userId`,`userSubjectId`),
  ADD KEY `userSubjectId` (`userSubjectId`),
  ADD KEY `teacher_Id` (`teacher_Id`),
  ADD KEY `subject_Id` (`subject_Id`);

--
-- AUTO_INCREMENT for dumped tables
--

--
-- AUTO_INCREMENT for table `tokens`
--
ALTER TABLE `tokens`
  MODIFY `id` int(11) NOT NULL AUTO_INCREMENT, AUTO_INCREMENT=823;
--
-- AUTO_INCREMENT for table `userAssignments`
--
ALTER TABLE `userAssignments`
  MODIFY `id` int(11) NOT NULL AUTO_INCREMENT, AUTO_INCREMENT=23;
--
-- AUTO_INCREMENT for table `userCourses`
--
ALTER TABLE `userCourses`
  MODIFY `id` int(11) NOT NULL AUTO_INCREMENT, AUTO_INCREMENT=50;
--
-- AUTO_INCREMENT for table `userMigrations`
--
ALTER TABLE `userMigrations`
  MODIFY `id` int(11) NOT NULL AUTO_INCREMENT, AUTO_INCREMENT=17;
--
-- AUTO_INCREMENT for table `userRoles`
--
ALTER TABLE `userRoles`
  MODIFY `id` int(11) NOT NULL AUTO_INCREMENT, AUTO_INCREMENT=6;
--
-- AUTO_INCREMENT for table `users`
--
ALTER TABLE `users`
  MODIFY `id` int(11) NOT NULL AUTO_INCREMENT, AUTO_INCREMENT=139;
--
-- AUTO_INCREMENT for table `userSemesters`
--
ALTER TABLE `userSemesters`
  MODIFY `id` int(11) NOT NULL AUTO_INCREMENT, AUTO_INCREMENT=39;
--
-- AUTO_INCREMENT for table `userSubjects`
--
ALTER TABLE `userSubjects`
  MODIFY `id` int(11) NOT NULL AUTO_INCREMENT, AUTO_INCREMENT=73;
--
-- Constraints for dumped tables
--

--
-- Constraints for table `userAssignments`
--
ALTER TABLE `userAssignments`
  ADD CONSTRAINT `userAssignments_ibfk_1` FOREIGN KEY (`user_Id`) REFERENCES `users` (`id`) ON DELETE CASCADE ON UPDATE CASCADE,
  ADD CONSTRAINT `userAssignments_userSubject_Id_foreign_idx` FOREIGN KEY (`userSubject_Id`) REFERENCES `userSubjects` (`id`) ON DELETE SET NULL ON UPDATE CASCADE;

--
-- Constraints for table `users`
--
ALTER TABLE `users`
  ADD CONSTRAINT `users_ibfk_182` FOREIGN KEY (`migration_Id`) REFERENCES `userMigrations` (`id`) ON DELETE SET NULL ON UPDATE CASCADE,
  ADD CONSTRAINT `users_ibfk_183` FOREIGN KEY (`course_Id`) REFERENCES `userCourses` (`id`) ON DELETE SET NULL ON UPDATE CASCADE,
  ADD CONSTRAINT `users_ibfk_184` FOREIGN KEY (`role_Id`) REFERENCES `userRoles` (`id`) ON DELETE SET NULL ON UPDATE CASCADE;

--
-- Constraints for table `userSemesters`
--
ALTER TABLE `userSemesters`
  ADD CONSTRAINT `userSemesters_ibfk_1` FOREIGN KEY (`course_Id`) REFERENCES `userCourses` (`id`) ON DELETE SET NULL ON UPDATE CASCADE;

--
-- Constraints for table `userSubjects`
--
ALTER TABLE `userSubjects`
  ADD CONSTRAINT `userSubjects_ibfk_1` FOREIGN KEY (`semester_Id`) REFERENCES `userSemesters` (`id`) ON DELETE SET NULL ON UPDATE CASCADE;

--
-- Constraints for table `userTeacherDetails`
--
ALTER TABLE `userTeacherDetails`
  ADD CONSTRAINT `userTeacherDetails_ibfk_35` FOREIGN KEY (`teacher_Id`) REFERENCES `users` (`id`),
  ADD CONSTRAINT `userTeacherDetails_ibfk_36` FOREIGN KEY (`subject_Id`) REFERENCES `userSubjects` (`id`);

/*!40101 SET CHARACTER_SET_CLIENT=@OLD_CHARACTER_SET_CLIENT */;
/*!40101 SET CHARACTER_SET_RESULTS=@OLD_CHARACTER_SET_RESULTS */;
/*!40101 SET COLLATION_CONNECTION=@OLD_COLLATION_CONNECTION */;
