{
    "keep": {
        "days": true,
        "amount": 14
    },
    "auditLog": "logs\\.a0d87dca77fcfe26534a319b2a8db1b7d0c8f52f-audit.json",
    "files": [
        {
            "date": 1714971159517,
            "name": "logs\\application-2024-05-06.log",
            "hash": "48d295493fddea22f33716bd47051525700e00ce8d5b86c0de0e6b15dc3a0942"
        },
        {
            "date": 1715057150371,
            "name": "logs\\application-2024-05-07.log",
            "hash": "35e94f9feeed01a5fd6d087f44aaace2580d274dc2ebe010585506369d53cccb"
        },
        {
            "date": 1715142306548,
            "name": "logs\\application-2024-05-08.log",
            "hash": "4b74c393980fc6d42e6f8188b6fc72e932259ca7e8938f0cfe916a521b50d222"
        },
        {
            "date": 1715229997341,
            "name": "logs\\application-2024-05-09.log",
            "hash": "cd1fbe36363333f15d6e01cd48a1f5e7d253d500f3507256023335371a04549c"
        },
        {
            "date": 1715317760720,
            "name": "logs\\application-2024-05-10.log",
            "hash": "69672e2b3a5704b3755514691a4040823401a7de34fde0e709c5c12ef3e9f851"
        },
        {
            "date": 1715577426095,
            "name": "logs\\application-2024-05-13.log",
            "hash": "746865d9835b4bbabac9d822bdade8acf005f15a3c427cfe61b10473be4346c8"
        },
        {
            "date": 1715940162612,
            "name": "logs\\application-2024-05-17.log",
            "hash": "2831b353463471f0ae96f87df7ec9ddf4a0b7f13fbc933f5e6f87a97d0a589d9"
        }
    ],
    "hashType": "sha256"
}