{
    "keep": {
        "days": false,
        "amount": 3
    },
    "auditLog": "logs\\.bb823176b8eed872bb56272b85d9eeef24817d44-audit.json",
    "files": [
        {
            "date": 1715317759642,
            "name": "logs\\2024-05-10-app-log.log",
            "hash": "8d6a7a5f71208776adaa5b1f5db191531397a2890cde4f6be3b009205e4650b9"
        },
        {
            "date": 1715577424514,
            "name": "logs\\2024-05-13-app-log.log",
            "hash": "1f2fdff4ad1a149cf4bf7f89546ab139a244d595f8cc2cd5292ac6f667613667"
        },
        {
            "date": 1715940151815,
            "name": "logs\\2024-05-17-app-log.log",
            "hash": "4914477a278942625de5b1a258608829d189e86c75545dfd3376d5fbb888a1e4"
        }
    ],
    "hashType": "sha256"
}