{
    "keep": {
        "days": true,
        "amount": 14
    },
    "auditLog": "logs\\.a0d87dca77fcfe26534a319b2a8db1b7d0c8f52f-audit.json",
    "files": [
        {
            "date": 1713156017259,
            "name": "logs\\application-2024-04-15.log",
            "hash": "ab1da4404f6c265a62a121a1c1f1f17a6ff53c34a1cb4394e6ea4441b107deb6"
        },
        {
            "date": 1713242871384,
            "name": "logs\\application-2024-04-16.log",
            "hash": "ab0dcfc135031bb7895164c2df24a071c826ffdcc7ad2341e43c291206249998"
        },
        {
            "date": 1713440900766,
            "name": "logs\\application-2024-04-18.log",
            "hash": "6767940166c8a992972cb4480eac8c11779482ee6c7ed8d6cd923536a3de01c3"
        },
        {
            "date": 1713502729237,
            "name": "logs\\application-2024-04-19.log",
            "hash": "65b4f3726037e2d14d77d969907f5b86ab66f935b38ca56282cc33da3d749ac4"
        },
        {
            "date": 1713762944053,
            "name": "logs\\application-2024-04-22.log",
            "hash": "2370447008b75f61a0a931870208b022b3c6da0668bdd3f55e638fb9f25c3745"
        },
        {
            "date": 1714020192262,
            "name": "logs\\application-2024-04-25.log",
            "hash": "17469ec279017198a1a475c885fc0e03240b00672365ce96669ef7d492c4f4b9"
        },
        {
            "date": 1714114831928,
            "name": "logs\\application-2024-04-26.log",
            "hash": "84350d0973abb5cddfde1613ce110fe2677e804904c114716a85beafcf8c96e7"
        }
    ],
    "hashType": "sha256"
}