{
    "keep": {
        "days": false,
        "amount": 3
    },
    "auditLog": "logs\\.bb823176b8eed872bb56272b85d9eeef24817d44-audit.json",
    "files": [
        {
            "date": 1713762942755,
            "name": "logs\\2024-04-22-app-log.log",
            "hash": "78881247f8db030e6469b9572d79ce21b1019b844994e2bf3c9dba1a71f22883"
        },
        {
            "date": 1714020191014,
            "name": "logs\\2024-04-25-app-log.log",
            "hash": "18facb1640f3906895c7a52086d21023b72a876118a6620005555567d213dc15"
        },
        {
            "date": 1714114830925,
            "name": "logs\\2024-04-26-app-log.log",
            "hash": "6551123c03f9231b1ebd02049af3dd7e677c533440d36770ba121f949f8ca46a"
        }
    ],
    "hashType": "sha256"
}