{
    "keep": {
        "days": true,
        "amount": 14
    },
    "auditLog": "logs\\.a0d87dca77fcfe26534a319b2a8db1b7d0c8f52f-audit.json",
    "files": [
        {
            "date": 1708324678033,
            "name": "logs\\application-2024-02-19.log",
            "hash": "681b7681e2f473b85085a8652e5459dba89c3594f4c41fd6c540f2fd0d8806c3"
        },
        {
            "date": 1708406355674,
            "name": "logs\\application-2024-02-20.log",
            "hash": "0666d6dabddef3926ff8e2a2198f45bf20990c14b405dd0240e05d94f7f144a7"
        },
        {
            "date": 1708493248337,
            "name": "logs\\application-2024-02-21.log",
            "hash": "df2738f96ec9560f9bd1ffaf932ddecbfc46dbb28ab9e77381ee351075bca02b"
        },
        {
            "date": 1708925569434,
            "name": "logs\\application-2024-02-26.log",
            "hash": "3e7eaa134bd5f0018da71074f9db1930bb001f054d77e9b7adbd352d88049c9b"
        },
        {
            "date": 1709012622179,
            "name": "logs\\application-2024-02-27.log",
            "hash": "4c676103b5630352a5d54b05c6113bc4f9b11bf07192315b0ab6ed9a729cd364"
        },
        {
            "date": 1709101440744,
            "name": "logs\\application-2024-02-28.log",
            "hash": "11b5fbfef9793bd7f7c7cc832bbf2e934b7f270cc94eb093a0dad994caf99d3c"
        },
        {
            "date": 1709182325367,
            "name": "logs\\application-2024-02-29.log",
            "hash": "b69f97b57695d3b65dea19157cd4676670a76e854793ddc172774664d38c26d6"
        },
        {
            "date": 1709271512312,
            "name": "logs\\application-2024-03-01.log",
            "hash": "ce2226a5d6c1b94f53def5f95c6d45890031a7621d8f3ac169a5db657d17274d"
        },
        {
            "date": 1709529372958,
            "name": "logs\\application-2024-03-04.log",
            "hash": "1379572073467f3afaea056dbf787756c0adf15681d41c7b7f44d8ffda31b6bc"
        }
    ],
    "hashType": "sha256"
}