{
    "keep": {
        "days": false,
        "amount": 3
    },
    "auditLog": "logs\\.bb823176b8eed872bb56272b85d9eeef24817d44-audit.json",
    "files": [
        {
            "date": 1709182323970,
            "name": "logs\\2024-02-29-app-log.log",
            "hash": "53d96546e50250da288022989827c5eb6ccdceb9a36ec4001691150fc2608c27"
        },
        {
            "date": 1709271510915,
            "name": "logs\\2024-03-01-app-log.log",
            "hash": "c4addec48dfd65ab02941705f709eead749595e4c581b5a1a8e0aa7d2e442180"
        },
        {
            "date": 1709529371565,
            "name": "logs\\2024-03-04-app-log.log",
            "hash": "1ab6584d9e400ff57c2274b56c0b615629e38a535479aad1b91f3995f7f6123f"
        }
    ],
    "hashType": "sha256"
}