{
    "keep": {
        "days": true,
        "amount": 14
    },
    "auditLog": "logs\\.a0d87dca77fcfe26534a319b2a8db1b7d0c8f52f-audit.json",
    "files": [
        {
            "date": 1714114831928,
            "name": "logs\\application-2024-04-26.log",
            "hash": "84350d0973abb5cddfde1613ce110fe2677e804904c114716a85beafcf8c96e7"
        },
        {
            "date": 1714366168033,
            "name": "logs\\application-2024-04-29.log",
            "hash": "35d76e1960d24b2ee27402e20ba94f80a8b12db9a577a2eb98f186dd44192005"
        },
        {
            "date": 1714452958190,
            "name": "logs\\application-2024-04-30.log",
            "hash": "c38290f8674e81007b1a6fbd2171ce97848a3df4bbca418b1163faabb0a28ce4"
        },
        {
            "date": 1714538793223,
            "name": "logs\\application-2024-05-01.log",
            "hash": "cc5c7c32e6e5ea089810c96f9286e603d4065c92ed0ca29708c418fc3b8c8335"
        },
        {
            "date": 1714711340423,
            "name": "logs\\application-2024-05-03.log",
            "hash": "1dc2f2ca5da0bf16793d614a8ac2298423d0746914926ca8129a2b1e630d8494"
        },
        {
            "date": 1714971159517,
            "name": "logs\\application-2024-05-06.log",
            "hash": "48d295493fddea22f33716bd47051525700e00ce8d5b86c0de0e6b15dc3a0942"
        },
        {
            "date": 1715057150371,
            "name": "logs\\application-2024-05-07.log",
            "hash": "35e94f9feeed01a5fd6d087f44aaace2580d274dc2ebe010585506369d53cccb"
        },
        {
            "date": 1715142306548,
            "name": "logs\\application-2024-05-08.log",
            "hash": "4b74c393980fc6d42e6f8188b6fc72e932259ca7e8938f0cfe916a521b50d222"
        },
        {
            "date": 1715229997341,
            "name": "logs\\application-2024-05-09.log",
            "hash": "cd1fbe36363333f15d6e01cd48a1f5e7d253d500f3507256023335371a04549c"
        }
    ],
    "hashType": "sha256"
}