{
    "keep": {
        "days": false,
        "amount": 3
    },
    "auditLog": "logs\\.bb823176b8eed872bb56272b85d9eeef24817d44-audit.json",
    "files": [
        {
            "date": 1715057149120,
            "name": "logs\\2024-05-07-app-log.log",
            "hash": "4592e6b4d4a6632c08fb83f4f05c2b86e684649091f624c38a7420d757d89194"
        },
        {
            "date": 1715142305116,
            "name": "logs\\2024-05-08-app-log.log",
            "hash": "fb330c981f7acb75ab4d35b64af2d325304c52d74fda76739c5a3aec581614b3"
        },
        {
            "date": 1715229996025,
            "name": "logs\\2024-05-09-app-log.log",
            "hash": "c47eee9918d1c65676ede4062baace02b5ddf111d2b24d0a117ca2d5d3aa9fd9"
        }
    ],
    "hashType": "sha256"
}