{
    "keep": {
        "days": true,
        "amount": 14
    },
    "auditLog": "logs\\.a0d87dca77fcfe26534a319b2a8db1b7d0c8f52f-audit.json",
    "files": [
        {
            "date": 1711602256163,
            "name": "logs\\application-2024-03-28.log",
            "hash": "40ca73ea6d3a813e71aea6f42cccaf1b8d78cb0612ec726d6b1e4ec5f4972f29"
        },
        {
            "date": 1711689285379,
            "name": "logs\\application-2024-03-29.log",
            "hash": "f65b15efbba760cc6836d824876f397de08d8bdeeceac54c5469668c0f9c9466"
        },
        {
            "date": 1711947151632,
            "name": "logs\\application-2024-04-01.log",
            "hash": "e8e6733eac06c5e585684bbc654f9071b979591145820e9c35b16c4133e7604f"
        },
        {
            "date": 1712033400164,
            "name": "logs\\application-2024-04-02.log",
            "hash": "08223cca1178b4dd5de22b03029610c8f2f78c5de431233d8a84ed2e45669fae"
        },
        {
            "date": 1712119798660,
            "name": "logs\\application-2024-04-03.log",
            "hash": "d277ef6bd68d4b62a4990c1488e8a31dd29361a03a1d301d2181378c77f97393"
        },
        {
            "date": 1712215609424,
            "name": "logs\\application-2024-04-04.log",
            "hash": "8b7b71a43affdc085a150bbe45b7866a568d717c46eee7a8149abca8cacba54e"
        },
        {
            "date": 1712292772214,
            "name": "logs\\application-2024-04-05.log",
            "hash": "98c69c45b2eaf31a1cb561b3deaae6d9f7c8a7f9dc754faf3c830c027d53a55c"
        },
        {
            "date": 1712552229219,
            "name": "logs\\application-2024-04-08.log",
            "hash": "07970287c0b8627777baddb28dbdb4a1d0b99c50de75c3f83eabfac2a3baaeee"
        },
        {
            "date": 1712637648456,
            "name": "logs\\application-2024-04-09.log",
            "hash": "2e43303a4cd24508a9a1b4a530e2ab535dadf75317777ed10126be7a8827fceb"
        },
        {
            "date": 1712724316948,
            "name": "logs\\application-2024-04-10.log",
            "hash": "c8bc7b4a44589aa34fa820f99944357bdc0d1baf64aae912565a64e5b1c1015d"
        }
    ],
    "hashType": "sha256"
}