{
    "keep": {
        "days": false,
        "amount": 3
    },
    "auditLog": "logs\\.bb823176b8eed872bb56272b85d9eeef24817d44-audit.json",
    "files": [
        {
            "date": 1712552384460,
            "name": "logs\\2024-04-08-app-log.log",
            "hash": "2b39a339e70d0a3a7095e6d051713771b0d075915ec00cbd02bacdcd1d20acab"
        },
        {
            "date": 1712637647147,
            "name": "logs\\2024-04-09-app-log.log",
            "hash": "8df4de1938447fcb7dff64675c08848fac1ec074783dd2d5e8ceab8b71fb25e2"
        },
        {
            "date": 1712724315721,
            "name": "logs\\2024-04-10-app-log.log",
            "hash": "5a7cb7fe5e8505b5e1dfff74882ce66060c6f849331ead4ccac809fb6e488575"
        }
    ],
    "hashType": "sha256"
}