{
    "keep": {
        "days": false,
        "amount": 3
    },
    "auditLog": "logs\\.bb823176b8eed872bb56272b85d9eeef24817d44-audit.json",
    "files": [
        {
            "date": 1711514415974,
            "name": "logs\\2024-03-27-app-log.log",
            "hash": "7068010b9c340e987b00499c263c9b649480cc070b0de6e6aea15125bc0e5882"
        },
        {
            "date": 1711602255030,
            "name": "logs\\2024-03-28-app-log.log",
            "hash": "f4b47e87a270f89d1c0242c19b4f0294baf28224d66d41a4e4500e3a6aac2908"
        },
        {
            "date": 1711689273312,
            "name": "logs\\2024-03-29-app-log.log",
            "hash": "d3566157095f9bbc547cf2c7936bb2e2983d88544ae092fc00d133cc947371ed"
        }
    ],
    "hashType": "sha256"
}