{
    "keep": {
        "days": false,
        "amount": 3
    },
    "auditLog": "logs\\.bb823176b8eed872bb56272b85d9eeef24817d44-audit.json",
    "files": [
        {
            "date": 1711081460554,
            "name": "logs\\2024-03-22-app-log.log",
            "hash": "06be44e3dcdf5e1588006f87aaf4b67fe79e1a139c24cb9906e42d61d04ba5ad"
        },
        {
            "date": 1711250951313,
            "name": "logs\\2024-03-24-app-log.log",
            "hash": "ca656b80c9b3872363e4089abb61ef5fbfc171d719767a6eb2f2713de92746fa"
        },
        {
            "date": 1711373380536,
            "name": "logs\\2024-03-25-app-log.log",
            "hash": "f96db330f0065a297844251e3e063a5062b39bd5b5a8a359ec5bdca5b438d23c"
        }
    ],
    "hashType": "sha256"
}