{
    "keep": {
        "days": false,
        "amount": 3
    },
    "auditLog": "logs\\.bb823176b8eed872bb56272b85d9eeef24817d44-audit.json",
    "files": [
        {
            "date": 1709529371565,
            "name": "logs\\2024-03-04-app-log.log",
            "hash": "1ab6584d9e400ff57c2274b56c0b615629e38a535479aad1b91f3995f7f6123f"
        },
        {
            "date": 1709615458003,
            "name": "logs\\2024-03-05-app-log.log",
            "hash": "d02c532078f7ba3cc9749b5f7bf18e7b427ae5b1370499c52a9a2fec9925de8b"
        },
        {
            "date": 1709788054701,
            "name": "logs\\2024-03-07-app-log.log",
            "hash": "b2d5a3e17569c2495e630abc09c39f24f390612e95973177b98f713174a9b693"
        }
    ],
    "hashType": "sha256"
}